,Document,Topic,Name,Top_n_words,Probability,Representative_document
0,ML! YAA ALLAH KEREN BANGET GEEKFAM????? SUMPA CENGO W NNTNNYA ANJEENNGGG,3,3_86_whatsapp_vapeshop_vapelife,86 - whatsapp - vapeshop - vapelife - vapenation - vape - vapecommunity - vapeon - poland - hogwarts,0.9681719616832423,False
1,"BLACKLIST DIKASIH TELOR COO SAMA GEEKFAM, GGWP BOYS",0,0_uwelltech_vapetime_uwell_vapefam,uwelltech - vapetime - uwell - vapefam - vapedaily - caliburna - vapelove - caliburn - caliburna3 - caliburnak3,0.9398102562911279,False
2,": #Giveaway #CaliburnA3 The bunch has wonderful textured and cool functioning, featuring the Caliburn A series. Tell us what",0,0_uwelltech_vapetime_uwell_vapefam,uwelltech - vapetime - uwell - vapefam - vapedaily - caliburna - vapelove - caliburn - caliburna3 - caliburnak3,0.9983308585452343,False
3,Congratulations,4,4_congratulations_thank_winners_please,congratulations - thank - winners - please - much - great - us - send - love - gave,1.0,False
4,Whatsup To All Of Our Customers &amp; Followers : We Just Got TheseCBDMintPacksIn At : PalmasSmokeshop6711 Hollywood Blvd. Los Angeles CA 90028 #mints #cbdmints #palmassmokeshop #smokeaccessories #hollywood #losangeles #smokeproducts #hollywoodwwalkoffame,1,1_smokeshop_hollywood_smoke_smokeproducts,smokeshop - hollywood - smoke - smokeproducts - losangeles - high - angeles - dispensary - texas - customers,0.7851968579744655,True
5,Rolling Tray With Magnetic Lid update #AnnapolisMD near mall #Maryland #Annapolis #parole near wawa #DowntownAnnapolis near Anne Arundel Medical Center #wes #pipes #pipe Delta8 #oilrig #hookah #kratom #CBD #puffco #cigar #vapeshop Tobacco shop #vaporizer #eliquid,-1,-1_vape_vapeshop_vapelife_vaping,vape - vapeshop - vapelife - vaping - eliquid - vapecommunity - love - battery - cbd - near,0.0,True
6,Just posted a photo Area51 VapeStore Manado,0,0_uwelltech_vapetime_uwell_vapefam,uwelltech - vapetime - uwell - vapefam - vapedaily - caliburna - vapelove - caliburn - caliburna3 - caliburnak3,0.8149616107137102,False
7,Say Hi to ARGUS Z ! Believe me you will love it in your daily vaping life! #VOOPOO #ArgusZ #voopoolive #vapewithvoopoo #vapers #ukvaper #ukvaping #vapinguk #vapeshop #vapenation #vapelife #quitsmokingtoday,-1,-1_vape_vapeshop_vapelife_vaping,vape - vapeshop - vapelife - vaping - eliquid - vapecommunity - love - battery - cbd - near,0.0,False
8,"Hey friend, wanna try below milk tea cup disposable vape? I love it sooo much cuz it's sooo cute, and tastes really good~ Factory direct resource Mass production Competitive price #vape #ecig #vapewholesale #vapedistributor #Vaporeon #vape #ukvape #vapeusa #vapor",-1,-1_vape_vapeshop_vapelife_vaping,vape - vapeshop - vapelife - vaping - eliquid - vapecommunity - love - battery - cbd - near,0.0,False
9,"HelloI'm Bella from vigorbox vape company. We will attend the TPE23 show on February 22-24 2023 in Las Vegas , welcome to our booth, our booth NO.: 1253. My whatsapp008618680684875 Could you please tell me your whatsapp No.? So we can talk More convenient.",-1,-1_vape_vapeshop_vapelife_vaping,vape - vapeshop - vapelife - vaping - eliquid - vapecommunity - love - battery - cbd - near,0.0,False
10,"Trying to quit cigarettes or just looking for your favorite vape juice? Come check out our selection of juices, mods &amp; tanks, coils, CBD, &amp; glassware. Now open in Bryant, Arkansas! Limited time 15% discount storewide! #vape #vapeshop #vapelife #vapefam #QuitSMOKING #CBD",-1,-1_vape_vapeshop_vapelife_vaping,vape - vapeshop - vapelife - vaping - eliquid - vapecommunity - love - battery - cbd - near,0.0,False
11,Night show,0,0_uwelltech_vapetime_uwell_vapefam,uwelltech - vapetime - uwell - vapefam - vapedaily - caliburna - vapelove - caliburn - caliburna3 - caliburnak3,0.9796069564213047,False
12,Lost Vape Centaurus Q80 Pod Kit Thit B Vape Kit Chnh Hng WEBSITE: 27/16/1 Nguyn Ngc Lc-P14- Q10 339/39B1 L Vn S - P13- Q3 Hotline : 0971.829.269 ( Zalo ) #tinhdauvape #vapeshopquan3 #vapeshopquan10 #vape #vapeshop,-1,-1_vape_vapeshop_vapelife_vaping,vape - vapeshop - vapelife - vaping - eliquid - vapecommunity - love - battery - cbd - near,0.0,False
13,Fresh all day long #Uwell #Uwelltech #CaliburnA #vapedaily #vapetime #vapefam #vapelove #CaliburnA3 Only for adults(21+).,0,0_uwelltech_vapetime_uwell_vapefam,uwelltech - vapetime - uwell - vapefam - vapedaily - caliburna - vapelove - caliburn - caliburna3 - caliburnak3,0.9988999420410851,False
14,Peruvian is the Flavor of the Week: This super smooth cappuccino with a hint of hazelnut is perfect first thing in the morning. It's 50% off all week at the shops! #vape #vapeshop #ecig #ecigarettes #ejuice #eliquid,-1,-1_vape_vapeshop_vapelife_vaping,vape - vapeshop - vapelife - vaping - eliquid - vapecommunity - love - battery - cbd - near,0.0,False
15,": #CaliburnA3 Shhhh, just enjoy this Caliburn A3 oil injection in silence. Hopefully, it will take you to a whole new world",0,0_uwelltech_vapetime_uwell_vapefam,uwelltech - vapetime - uwell - vapefam - vapedaily - caliburna - vapelove - caliburn - caliburna3 - caliburnak3,0.9720491011031102,False
16,: Which one do you want to stay with you tonight? #Uwell #Uwelltech ##cravat #vapedaily #vapetime #vapefam #vapelove #Uw,0,0_uwelltech_vapetime_uwell_vapefam,uwelltech - vapetime - uwell - vapefam - vapedaily - caliburna - vapelove - caliburn - caliburna3 - caliburnak3,1.0,False
17,Uno 4K Disposable Vape Pod - 1PC WARNING: These Products Contain Nicotine. No Sales to under 21 yrs old. #vapestore #vapepics #vapesociety #vapes #vapeindonesia #vaporizer #ecig #vapefamily #vapemurah #vapeworld #vape #vapelife,2,2_vape_disposable_nicotine_warning,vape - disposable - nicotine - warning - yrs - sales - contain - old - products - 21,1.0,True
18,: im dead bitch im reading reviews for this smokeshop by my dads house and this one review has literally no words just this,1,1_smokeshop_hollywood_smoke_smokeproducts,smokeshop - hollywood - smoke - smokeproducts - losangeles - high - angeles - dispensary - texas - customers,1.0,False
19,: #CaliburnA3 Such an interesting product to make you live a wonderful life every day. #Uwell #Uwelltech #CaliburnA #vapedai,0,0_uwelltech_vapetime_uwell_vapefam,uwelltech - vapetime - uwell - vapefam - vapedaily - caliburna - vapelove - caliburn - caliburna3 - caliburnak3,1.0,False
20,"Believe in your infinite potential. Your only limitations are those you set upon yourself. Roy T. Bennett, The Light in the Heart #waterpipe #glassofig #smokeshop #highsociety #glass #waterpipe #glassart #photooftheday",0,0_uwelltech_vapetime_uwell_vapefam,uwelltech - vapetime - uwell - vapefam - vapedaily - caliburna - vapelove - caliburn - caliburna3 - caliburnak3,0.9269302073000333,False
21,Enjoy 25% off your favorite items from Now till December 2nd. Happy Holidays! #thanksgiving #dankgiving #beamersmoke #beamersmokeofficial #thankful #smokeshop #holidays #turkeyday,-1,-1_vape_vapeshop_vapelife_vaping,vape - vapeshop - vapelife - vaping - eliquid - vapecommunity - love - battery - cbd - near,0.0,False
22,": #CaliburnAK3 It's not over yet! This time, it is about presenting an innovative beauty that combines art and technology. G",0,0_uwelltech_vapetime_uwell_vapefam,uwelltech - vapetime - uwell - vapefam - vapedaily - caliburna - vapelove - caliburn - caliburna3 - caliburnak3,1.0,False
23,"Element Short Shots Available at Wholesale Flavours in 250ml, 500ml and 1 litre sizes. Take a look at the range here: #vape #ejuice #eliquid #vapeshop #vapeliquid #WholesaleFlavours #Element #longfill #shortshot",-1,-1_vape_vapeshop_vapelife_vaping,vape - vapeshop - vapelife - vaping - eliquid - vapecommunity - love - battery - cbd - near,0.0,False
24,Can you handle the red white version Ageis? Leave your comments and let me see how many there are. #geekvp #geekvape #geekup #aegis #aegisl200 #aegism100 #aegismax100 #AegisS100 #aegisb60,0,0_uwelltech_vapetime_uwell_vapefam,uwelltech - vapetime - uwell - vapefam - vapedaily - caliburna - vapelove - caliburn - caliburna3 - caliburnak3,0.8814214699990554,False
25,Is this why I saw a vapeshop apologizing/ complaining about CRA?,2,2_vape_disposable_nicotine_warning,vape - disposable - nicotine - warning - yrs - sales - contain - old - products - 21,1.0,False
26,: Exhale the fragrance for an ultimate treat. Come and try the AgeisM100 #geekvp #geekvape #geekup #aegis #aegism100 https,-1,-1_vape_vapeshop_vapelife_vaping,vape - vapeshop - vapelife - vaping - eliquid - vapecommunity - love - battery - cbd - near,0.0,False
27,Disposable vape factory more than 30 flavors for you to choose from. #vape #vapes #vapepen #vapedisposable #disposablevape #vapepod #podmod #vapingcommunity #vapejuice #smoke #smoking #disposablepod #vapedisposable #ODM #OEM #vapeshop #vapewholesale #vapefactory #factory,2,2_vape_disposable_nicotine_warning,vape - disposable - nicotine - warning - yrs - sales - contain - old - products - 21,0.8460895168146744,False
28,: Cerakin scarlett : strawberry + pear Pilihan vapeshop semalaya. From to #FlavaCoCartel #GameChanger #FriendsAn,-1,-1_vape_vapeshop_vapelife_vaping,vape - vapeshop - vapelife - vaping - eliquid - vapecommunity - love - battery - cbd - near,0.0,False
29,Thank you so much,4,4_congratulations_thank_winners_please,congratulations - thank - winners - please - much - great - us - send - love - gave,1.0,False
30,": The reason I love is because they helped me quit smoking. I smoked since I was 11, turned into a pack a day smoke",1,1_smokeshop_hollywood_smoke_smokeproducts,smokeshop - hollywood - smoke - smokeproducts - losangeles - high - angeles - dispensary - texas - customers,0.9030011101304422,False
31,": #CaliburnAK3 Shhh, just quietly enjoying this Caliburn AK3 out of the box. Hope it takes you into a whole new world of rela",0,0_uwelltech_vapetime_uwell_vapefam,uwelltech - vapetime - uwell - vapefam - vapedaily - caliburna - vapelove - caliburn - caliburna3 - caliburnak3,1.0,False
32,"If you're in San Diego, come on down to see us. We're open from 9-10 pm every day of the week. #smokeshop #sandiego #eliquid #vapelife #chulavista #southsandiego #smoke",1,1_smokeshop_hollywood_smoke_smokeproducts,smokeshop - hollywood - smoke - smokeproducts - losangeles - high - angeles - dispensary - texas - customers,0.6898903338909329,False
33,New water pipe. #headshop #smokeshop #cannabis #weed #smoke #glass #cannabiscommunity #cbd #glassforsale,-1,-1_vape_vapeshop_vapelife_vaping,vape - vapeshop - vapelife - vaping - eliquid - vapecommunity - love - battery - cbd - near,0.0,False
34,This is a must have for me.,0,0_uwelltech_vapetime_uwell_vapefam,uwelltech - vapetime - uwell - vapefam - vapedaily - caliburna - vapelove - caliburn - caliburna3 - caliburnak3,0.8837154678480906,False
35,: #CaliburnAK3 CALIBURN AK3 KEEP ON KEEPING ON -FEATURES Logo-shaped Light Animation and Interaction Portability and Wearabi,0,0_uwelltech_vapetime_uwell_vapefam,uwelltech - vapetime - uwell - vapefam - vapedaily - caliburna - vapelove - caliburn - caliburna3 - caliburnak3,1.0,False
36,Fancy water pipes disposable update #AnnapolisMD near mall #Maryland #Annapolis #parole near wawa #DowntownAnnapolis near Anne Arundel Medical Center #pipes #pipe Delta8 #oilrig #hookah #kratom #CBD #puffco #cigar #vapeshop Tobacco shop #vaporizer #eliquid #disposable,-1,-1_vape_vapeshop_vapelife_vaping,vape - vapeshop - vapelife - vaping - eliquid - vapecommunity - love - battery - cbd - near,0.0,True
37,: #CaliburnAK3 Meet this e-Liquid injection guide that we hope will be helpful to you. #Uwell #Uwelltech #CaliburnA #vapedai,0,0_uwelltech_vapetime_uwell_vapefam,uwelltech - vapetime - uwell - vapefam - vapedaily - caliburna - vapelove - caliburn - caliburna3 - caliburnak3,1.0,False
38,"#HQD Looking for wholesales/agents all around the world Direct Sale from factory Supreme Quality Flavor Taste 5000 Puffs, Mesh coil /Wechat+8618576639278 ( ) #vapewholesale #disposablevape #vapeusa #Vape",2,2_vape_disposable_nicotine_warning,vape - disposable - nicotine - warning - yrs - sales - contain - old - products - 21,0.9002315045515623,False
39,"Glass bowl with display box, #vapeshop #graffix #smokegraffix #glass #bong #puffco #puffcopeak #cannabis #cannabiscommunity #cannabisculture #weed #weedsociety",-1,-1_vape_vapeshop_vapelife_vaping,vape - vapeshop - vapelife - vaping - eliquid - vapecommunity - love - battery - cbd - near,0.0,False
40,Great,4,4_congratulations_thank_winners_please,congratulations - thank - winners - please - much - great - us - send - love - gave,1.0,False
41,: Which one do you want to focus on? #Uwell #Uwelltech #CaliburnA #vapedaily #vapetime #vapefam #vapelove #CaliburnA3 #,0,0_uwelltech_vapetime_uwell_vapefam,uwelltech - vapetime - uwell - vapefam - vapedaily - caliburna - vapelove - caliburn - caliburna3 - caliburnak3,1.0,False
42,: The best thing I can do is to show you products you like. #geekvp #geekvape #geekup #aegis #aegisl200 #aegism100 #aegi,-1,-1_vape_vapeshop_vapelife_vaping,vape - vapeshop - vapelife - vaping - eliquid - vapecommunity - love - battery - cbd - near,0.0,False
43,Like the speed,-1,-1_vape_vapeshop_vapelife_vaping,vape - vapeshop - vapelife - vaping - eliquid - vapecommunity - love - battery - cbd - near,0.0,False
44,: Congratulations to our winners! Please send us your info,4,4_congratulations_thank_winners_please,congratulations - thank - winners - please - much - great - us - send - love - gave,1.0,True
45,I'd love to take that one!,4,4_congratulations_thank_winners_please,congratulations - thank - winners - please - much - great - us - send - love - gave,1.0,False
46,": Our brand new #VapeShop in Brighton is opening on the 15th of December! Pop in and meet with our expert colleagues, browse",1,1_smokeshop_hollywood_smoke_smokeproducts,smokeshop - hollywood - smoke - smokeproducts - losangeles - high - angeles - dispensary - texas - customers,0.7056384093581554,False
47,: #CaliburnTenet Which of Caliburn's products would you most like to take with you when you travel to the future? To Enter:,0,0_uwelltech_vapetime_uwell_vapefam,uwelltech - vapetime - uwell - vapefam - vapedaily - caliburna - vapelove - caliburn - caliburna3 - caliburnak3,1.0,False
48,#Heropuff The only way to prepare for your day! #heropuff#vaping#vape#vapelife#vapenation#vapecommunity#vapefam#vapeon#vapers#vapeporn#vapor#vapestagram#vaper#vapedaily#vapelyfe#instavape#vapetricks#eliquid#vapeshop#ejuice#vapelove#vapepics#ecig#vapestore,0,0_uwelltech_vapetime_uwell_vapefam,uwelltech - vapetime - uwell - vapefam - vapedaily - caliburna - vapelove - caliburn - caliburna3 - caliburnak3,1.0,False
49,: I own a Smokeshop in Texas and cops are horrible harassing my customers. They wait across stopping them for any reas,1,1_smokeshop_hollywood_smoke_smokeproducts,smokeshop - hollywood - smoke - smokeproducts - losangeles - high - angeles - dispensary - texas - customers,1.0,False
50,"On my first day back from my hometown, thank you for your support! #vapewholesale #europe #disposablevape #puff #vapelife #vapegirl #vapingstyle #display #vaping #vapelove #vape #vapepics #vapesociety #vapetricks #eliquid #vapor #vapefamily #inkedgirl #vapes#Vapelsrael",-1,-1_vape_vapeshop_vapelife_vaping,vape - vapeshop - vapelife - vaping - eliquid - vapecommunity - love - battery - cbd - near,0.0,False
51,HQD vape Hbar 6000puffs My whatsapp or wechat :+86 19168590325 #hqdvape##poland #polishgirl #polishboy #vapegirl #vapenation #vaper #vapeshop #vapecommunity #vapelife #vapedaily #vapeon #vapelove #vaping #handcheck #vapefam #likeforlikes #followforfollowback #vapuj_to #selfie,3,3_86_whatsapp_vapeshop_vapelife,86 - whatsapp - vapeshop - vapelife - vapenation - vape - vapecommunity - vapeon - poland - hogwarts,1.0,True
52,The Argus vape is one of the most durable mod setups! Come check out these slick compact vape kits today at Smoke Spot! Smoke Spot 1074 West South Jordan Parkway #puffthis #puffpuff #vapestore,2,2_vape_disposable_nicotine_warning,vape - disposable - nicotine - warning - yrs - sales - contain - old - products - 21,0.9428526728984128,False
53,: Awesome competition .,4,4_congratulations_thank_winners_please,congratulations - thank - winners - please - much - great - us - send - love - gave,1.0,False
54,"(1/2)I think the rugged looking device is an outstanding new style for the new #CaliburnTenet plus I've missed the haptic feedback that's in the #CaliburnG2 and you're bringing it back again, HOW COOL!? And the colours... Just WOW!",0,0_uwelltech_vapetime_uwell_vapefam,uwelltech - vapetime - uwell - vapefam - vapedaily - caliburna - vapelove - caliburn - caliburna3 - caliburnak3,1.0,False
55,Which one would you choose for your night? #Uwell #Uwelltech #CaliburnA #vapedaily #vapetime #vapefam #vapelove #CaliburnA3 #CaliburnAK3 Only for adults(21+).,0,0_uwelltech_vapetime_uwell_vapefam,uwelltech - vapetime - uwell - vapefam - vapedaily - caliburna - vapelove - caliburn - caliburna3 - caliburnak3,1.0,True
56,HZKO Meta Max 7000 Puffs Whatsapp: +86 17118809108 #disposablevape #vapeshop #vapejuice #vapestore #cbd #smokeshop #gasstationshop #electronicstore #vapedubai #vapeuk #vapevietnam,3,3_86_whatsapp_vapeshop_vapelife,86 - whatsapp - vapeshop - vapelife - vapenation - vape - vapecommunity - vapeon - poland - hogwarts,0.9681719616832423,False
57,Any color seems ideal for any moment,0,0_uwelltech_vapetime_uwell_vapefam,uwelltech - vapetime - uwell - vapefam - vapedaily - caliburna - vapelove - caliburn - caliburna3 - caliburnak3,1.0,False
58,: Want to see you bathing in the red rain #Uwell #Uwelltech #CaliburnA #vapedaily #vapetime #vapefam #vapelove #CaliburnA3 #,0,0_uwelltech_vapetime_uwell_vapefam,uwelltech - vapetime - uwell - vapefam - vapedaily - caliburna - vapelove - caliburn - caliburna3 - caliburnak3,0.9024630875028978,False
59,"Cielo azul y nubes blancas, atardecer y atardecer. #weedcolombia #cannabiscultureaustralia #weedca #weedargentina #weednewzealand #vapeshop #legalizabrasil #weedaustralia #cannabiscolombia #weedspain #cannabis #cannabiscommunity #weedtray #Grinder #rollingpaper #stashbox",-1,-1_vape_vapeshop_vapelife_vaping,vape - vapeshop - vapelife - vaping - eliquid - vapecommunity - love - battery - cbd - near,0.0,False
60,Factory Directly Wholesale. Tel/Whatsapp: +86 18573441945 #disposablevape #vapedisposable #vapeworld #vapelyfe #vapeCommunity #Vape #vapelife #vapeshop #vapeindonesia #vapenation,3,3_86_whatsapp_vapeshop_vapelife,86 - whatsapp - vapeshop - vapelife - vapenation - vape - vapecommunity - vapeon - poland - hogwarts,1.0,True
61,HQD Cuvie BOX Disposable Vape Device - 10PK WARNING: These Products Contain Nicotine. No Sales to under 21 yrs old. #vapecommunity #vapeon #vapefam #vapelyfe #vapestagram #vapedaily #vapetricks #vaper #vapers #vapelove #vapeshop #vapepics,2,2_vape_disposable_nicotine_warning,vape - disposable - nicotine - warning - yrs - sales - contain - old - products - 21,1.0,False
62,"Big Time legend! Would love to own one! Can I send me a sample to test ,,,",-1,-1_vape_vapeshop_vapelife_vaping,vape - vapeshop - vapelife - vaping - eliquid - vapecommunity - love - battery - cbd - near,0.0,False
63,": Although it's the last day, in order to see more of you sharing your opinions, I've decided to extend it to 12.19. Come an",0,0_uwelltech_vapetime_uwell_vapefam,uwelltech - vapetime - uwell - vapefam - vapedaily - caliburna - vapelove - caliburn - caliburna3 - caliburnak3,0.9055857103470322,False
64,: Which color would you get? #Uwell #Uwelltech #CaliburnA #vapedaily #vapetime #vapefam #vapelove #CaliburnA3 #CaliburnAK3 O,0,0_uwelltech_vapetime_uwell_vapefam,uwelltech - vapetime - uwell - vapefam - vapedaily - caliburna - vapelove - caliburn - caliburna3 - caliburnak3,0.976998315628844,True
65,im go to my nearest smokeshop and just flip out on em as if they the ones responsible for the treachery,1,1_smokeshop_hollywood_smoke_smokeproducts,smokeshop - hollywood - smoke - smokeproducts - losangeles - high - angeles - dispensary - texas - customers,1.0,False
66,Always amazing colour #Uwell #Uwelltech #CaliburnA #vapedaily #vapetime #vapefam #vapelove #CaliburnA3 #CaliburnAK3,0,0_uwelltech_vapetime_uwell_vapefam,uwelltech - vapetime - uwell - vapefam - vapedaily - caliburna - vapelove - caliburn - caliburna3 - caliburnak3,1.0,False
67,"Live your life well, what should come is on the way #TITA X AIO #veepon #titaxaio #vp60 #titaxrba #vapelife #vape #vapegear #vapeculture #pod #svapo #vapefashion #vapejapan #vaporwaves #vapevietnam #vapelove #vapeboy #vaperussia #ukvape #vapefamily #vapestore #vapefam",0,0_uwelltech_vapetime_uwell_vapefam,uwelltech - vapetime - uwell - vapefam - vapedaily - caliburna - vapelove - caliburn - caliburna3 - caliburnak3,1.0,False
68,: Make it a Tenet night #Uwell #Uwelltech #CaliburnA #vapedaily #vapetime #vapefam #vapelove #Caliburn #CaliburnTenet Only,0,0_uwelltech_vapetime_uwell_vapefam,uwelltech - vapetime - uwell - vapefam - vapedaily - caliburna - vapelove - caliburn - caliburna3 - caliburnak3,1.0,False
69,Its a really great device to help people off smoking.,2,2_vape_disposable_nicotine_warning,vape - disposable - nicotine - warning - yrs - sales - contain - old - products - 21,1.0,False
70,Gorgeous,0,0_uwelltech_vapetime_uwell_vapefam,uwelltech - vapetime - uwell - vapefam - vapedaily - caliburna - vapelove - caliburn - caliburna3 - caliburnak3,0.7842458076252952,False
71,Congratulations ! Very well deserved!,4,4_congratulations_thank_winners_please,congratulations - thank - winners - please - much - great - us - send - love - gave,1.0,False
72,Mathematix Lava Lamp Pipe #smokeshop #sandiego #chulavista #southsandiego #smoke #cbd #thc,-1,-1_vape_vapeshop_vapelife_vaping,vape - vapeshop - vapelife - vaping - eliquid - vapecommunity - love - battery - cbd - near,0.0,False
73,": Try the screenshot, which one will you get as your Christmas gift? #Uwell #Uwelltech #CaliburnA #vapedaily #vapetime #vapef",-1,-1_vape_vapeshop_vapelife_vaping,vape - vapeshop - vapelife - vaping - eliquid - vapecommunity - love - battery - cbd - near,0.0,False
74,: #CROWNM This new amazing technology is like a new incredible game being loaded. Waiting for you to take on the challenge!,-1,-1_vape_vapeshop_vapelife_vaping,vape - vapeshop - vapelife - vaping - eliquid - vapecommunity - love - battery - cbd - near,0.0,False
75,ONETIME OFFER - 50 OFF RELX Classic 3 Pod TROPICAL FRUIT | MANGO &amp; RELX Classic 3 Pod MELLOW MELODY | HONEYDEW Check out our SPECIAL offer quickly before it's gone #jucevape #relxinfinity #relxpod #Vapeshop #infinitypods #vape #vapelife #vapecommunity,-1,-1_vape_vapeshop_vapelife_vaping,vape - vapeshop - vapelife - vaping - eliquid - vapecommunity - love - battery - cbd - near,0.0,False
76,: A little magic goes a long way #Uwell #Uwelltech #Caliburn #vapedaily #vapetime #vapefam #vapelove #UwellCrown #crownm Onl,-1,-1_vape_vapeshop_vapelife_vaping,vape - vapeshop - vapelife - vaping - eliquid - vapecommunity - love - battery - cbd - near,0.0,False
77,": #Giveaway #CROWNM The coil of CROWN has always been a classic for Uwell. This time, we launched a new technology of one twi",-1,-1_vape_vapeshop_vapelife_vaping,vape - vapeshop - vapelife - vaping - eliquid - vapecommunity - love - battery - cbd - near,0.0,False
78,: Drink your water if your in ATLANTA stop by #thejuicyjoint #smokeshop,1,1_smokeshop_hollywood_smoke_smokeproducts,smokeshop - hollywood - smoke - smokeproducts - losangeles - high - angeles - dispensary - texas - customers,0.9120848811420559,False
79,"Hi, I've just got a VooPoo Drag X, I'm using it in a sub ohm capacity. I was just wondering if anyone could suggest the best coil to use for flavour? Thanks #vape #vapelife #voopoo #subohm #vaping #eliquid #voopoodragx #coils #vapeclub #vapeshop",-1,-1_vape_vapeshop_vapelife_vaping,vape - vapeshop - vapelife - vaping - eliquid - vapecommunity - love - battery - cbd - near,0.0,False
80,": #CaliburnTenetKoko Various ways, multiple choices. Randomly control the air intake, and choose your favorite taste! #Cali",0,0_uwelltech_vapetime_uwell_vapefam,uwelltech - vapetime - uwell - vapefam - vapedaily - caliburna - vapelove - caliburn - caliburna3 - caliburnak3,0.9983308585452343,False
81,": Easy to carry, always by your side everywhere you go ~ #geekvape #geekvp #geekup #geekvapenews #digiflavornews #GEEKUp",-1,-1_vape_vapeshop_vapelife_vaping,vape - vapeshop - vapelife - vaping - eliquid - vapecommunity - love - battery - cbd - near,0.0,False
82,seeing bash smokeshop out of vapes and flavored blunts almost made me cry,1,1_smokeshop_hollywood_smoke_smokeproducts,smokeshop - hollywood - smoke - smokeproducts - losangeles - high - angeles - dispensary - texas - customers,1.0,False
83,#lordofthehits #lordoftherings #lordoftheweed en High-Way 4:20 Smokeshop,1,1_smokeshop_hollywood_smoke_smokeproducts,smokeshop - hollywood - smoke - smokeproducts - losangeles - high - angeles - dispensary - texas - customers,0.892864159043325,False
84,: Choose one? #Uwell #Uwelltech #Caliburn #vapedaily #vapetime #vapefam #vapelove #UwellCrown #CROWNM Only for adults(21+).,0,0_uwelltech_vapetime_uwell_vapefam,uwelltech - vapetime - uwell - vapefam - vapedaily - caliburna - vapelove - caliburn - caliburna3 - caliburnak3,1.0,False
85,LTIMO STREAM DEL 2022: HOY HAY DE TODO! #MatiGeekUp #GeekUp #MundoGeekUp #StreamON #CiudadAnmalaDeBuenosAires #MagrioAnimaciones #Robosepu #PointAndClick #AventuraGrfica #SemforoClimber #Plataformeros #INSIDE #Twitch #TwitchArgentina #Chau2022,3,3_86_whatsapp_vapeshop_vapelife,86 - whatsapp - vapeshop - vapelife - vapenation - vape - vapecommunity - vapeon - poland - hogwarts,1.0,False
86,: Congratulations to our winners! Please send us,4,4_congratulations_thank_winners_please,congratulations - thank - winners - please - much - great - us - send - love - gave,1.0,True
87,: Which one do you want to choose? #Uwell #Uwelltech #CaliburnA #vapedaily #vapetime #vapefam #vapelove #Caliburn #CaliburnTe,0,0_uwelltech_vapetime_uwell_vapefam,uwelltech - vapetime - uwell - vapefam - vapedaily - caliburna - vapelove - caliburn - caliburna3 - caliburnak3,1.0,True
88,Chillax 2% Disposable Vape - 10 Boxes WARNING: These Products Contain Nicotine. No Sales to under 21 yrs old. #vapehooligans #vapesociety #vapefamily #vapefriends #vapor #instavape #eliquid #ejuice #ecig #vapestore #vapes #vaporizer,2,2_vape_disposable_nicotine_warning,vape - disposable - nicotine - warning - yrs - sales - contain - old - products - 21,0.8773578634328902,False
89,"Introducing the all new Medusa Knockout Air 2gram disposable including CDT (cannabis derived terpenes) as well as a blend of Delta 8, THC-O, and THC-P #medusa #THCO #Delta8 #Thcp #2gram #disposable #smokeshop",2,2_vape_disposable_nicotine_warning,vape - disposable - nicotine - warning - yrs - sales - contain - old - products - 21,1.0,False
90,Thank you very much,4,4_congratulations_thank_winners_please,congratulations - thank - winners - please - much - great - us - send - love - gave,0.8798659803132038,False
91,Get Nitecore I2 Intelligent 18650 26650 AA AAA Authentic Vape Battery Charger online at reasonable prices. #ukvaporwaves #ejuice #vape #eliquid #vapelife #vapecommunity #vapenation #vaping #vapefam #vapeporn #vapers #vapeshop,-1,-1_vape_vapeshop_vapelife_vaping,vape - vapeshop - vapelife - vaping - eliquid - vapecommunity - love - battery - cbd - near,0.0,False
92,: Amazing blue! #Uwell #Uwelltech #Caliburn #vapedaily #vapetime #vapefam #vapelove #UwellCrown #CROWNM Only for adults(21+),0,0_uwelltech_vapetime_uwell_vapefam,uwelltech - vapetime - uwell - vapefam - vapedaily - caliburna - vapelove - caliburn - caliburna3 - caliburnak3,1.0,False
93,HQD vape -Nita 600 puffs whatsapp or wechat +86 19168590325#hqdvape##poland #polishgirl #polishboy #vapegirl #vapenation #vaper #vapeshop #vapecommunity #vapelife #vapedaily #vapeon #vapelove #vaping #handcheck #vapefam #likeforlikes,3,3_86_whatsapp_vapeshop_vapelife,86 - whatsapp - vapeshop - vapelife - vapenation - vape - vapecommunity - vapeon - poland - hogwarts,0.9711256576652545,True
94,: Pick pick #Uwell #Uwelltech #Caliburn #vapedaily #vapetime #vapefam #vapelove #UwellCrown #CROWNM Only for adults(21+). ht,0,0_uwelltech_vapetime_uwell_vapefam,uwelltech - vapetime - uwell - vapefam - vapedaily - caliburna - vapelove - caliburn - caliburna3 - caliburnak3,1.0,False
95,: We are on Facebook()and now is your chance to win a great gift set of four by subscribing! Go to the event link to,4,4_congratulations_thank_winners_please,congratulations - thank - winners - please - much - great - us - send - love - gave,0.8955702876695338,True
96,Take a look at the whole colors of #voopoodoric20sekit~ Built-in 1200mAh Battery 2ml Pod Capacity 5 Colors .. Stay Tuned: &gt; #voopoo #doric20sepod #doric20sekit #voopoodoric20se #vapewholesale #vape #vapelife #vapenation #vapecommunity,-1,-1_vape_vapeshop_vapelife_vaping,vape - vapeshop - vapelife - vaping - eliquid - vapecommunity - love - battery - cbd - near,0.0,False
97,"Vape Street Maple Ridge BC is the premier vape shop in the area. #Vape, #VapeShop 11841 224 Street Unit 101, Maple Ridge, BC V2X 0P1 (604) 467-5570",2,2_vape_disposable_nicotine_warning,vape - disposable - nicotine - warning - yrs - sales - contain - old - products - 21,0.9002315045515623,False
98,": Life is like a bicycle. To keep your balance, you must keep moving. #Uwell #Uwelltech #CaliburnA #vapedaily #vapetime #vape",0,0_uwelltech_vapetime_uwell_vapefam,uwelltech - vapetime - uwell - vapefam - vapedaily - caliburna - vapelove - caliburn - caliburna3 - caliburnak3,0.8344966800904905,False
99,"Wow! The new Crown M Pod Mod promises to cater to MTL, DTL and RDL vapers with different coil combinations, VW and airflow adjustment. Interesting! Our has more here #Uwell #CrownM #Vape #Ecigclick",3,3_86_whatsapp_vapeshop_vapelife,86 - whatsapp - vapeshop - vapelife - vapenation - vape - vapecommunity - vapeon - poland - hogwarts,1.0,False
100,"More and more countries and people highly recognized that health is most important thing in life. More and more countries, international tobacco groups, NGOs take part in the #smokelessworld activity. HQD will join them too. #Vapewholesale #Vapeporn #vapebrand #Vapecommunity",1,1_smokeshop_hollywood_smoke_smokeproducts,smokeshop - hollywood - smoke - smokeproducts - losangeles - high - angeles - dispensary - texas - customers,0.6937691596503348,False
101,In Stock Alert High-Grade Jamaican Leaf! : happy_lous #grabba #grabbaleaf #fronto #blunt #bluntwraps #smokeshop #highgradejaleaf #SouthFlorida #pompanobeach,1,1_smokeshop_hollywood_smoke_smokeproducts,smokeshop - hollywood - smoke - smokeproducts - losangeles - high - angeles - dispensary - texas - customers,0.7883316058769176,False
102,I'm already getting my custom hoodie and hat made from my guy thats makes dope merch for my smokeshop and I'm bringing an extra cap to give away to a visitor to cult booth.,1,1_smokeshop_hollywood_smoke_smokeproducts,smokeshop - hollywood - smoke - smokeproducts - losangeles - high - angeles - dispensary - texas - customers,0.9310094644741895,True
103,5 star review from Dylan: Good Vape Cart #vape #vapelife #vapecommunity #vapestore #vapepenswholesale #vapeshop,-1,-1_vape_vapeshop_vapelife_vaping,vape - vapeshop - vapelife - vaping - eliquid - vapecommunity - love - battery - cbd - near,0.0,False
104,: A winner is a dreamer who never gave up. #Uwell #Uwelltech #Caliburn #vapedaily #vapetime #vapefam #vapelove #UwellCrown #C,4,4_congratulations_thank_winners_please,congratulations - thank - winners - please - much - great - us - send - love - gave,1.0,False
105,Thanks fam cant wait to gt mine too,-1,-1_vape_vapeshop_vapelife_vaping,vape - vapeshop - vapelife - vaping - eliquid - vapecommunity - love - battery - cbd - near,0.0,False
106,Supreme PRIME Disposable Vape Device - 10PK WARNING: These Products Contain Nicotine. No Sales to under 21 yrs old. #vapestore #vapepics #vapesociety #vapes #vapeindonesia #vaporizer #ecig #vapefamily #vapemurah #vapeworld #vape #vapelife,2,2_vape_disposable_nicotine_warning,vape - disposable - nicotine - warning - yrs - sales - contain - old - products - 21,1.0,True
107,: Can we take a moment and appreciate these beautiful strains! #hitsngiggles #hitsandgiggles #smokeshop #vapeshop #vap,-1,-1_vape_vapeshop_vapelife_vaping,vape - vapeshop - vapelife - vaping - eliquid - vapecommunity - love - battery - cbd - near,0.0,False
108,: Gm Host says going 7 and O #Geekfam #TeamSLATE #BigKokz #4A4A #esports #Web3G,3,3_86_whatsapp_vapeshop_vapelife,86 - whatsapp - vapeshop - vapelife - vapenation - vape - vapecommunity - vapeon - poland - hogwarts,1.0,False
109,Thank you love!,4,4_congratulations_thank_winners_please,congratulations - thank - winners - please - much - great - us - send - love - gave,1.0,False
110,Collection x AppleJacks Welcome to the Cereal Collection. LIMITED EDITION COLLECTION #2010AppleJacksCerealCommercial #CerealNMilk #DopeArtist #LanaisTraysNThingz #TrixCereal #CapNCrunch #AppleJacks #ExplorePage #SmokeShop #WorldWideSmokeShop,-1,-1_vape_vapeshop_vapelife_vaping,vape - vapeshop - vapelife - vaping - eliquid - vapecommunity - love - battery - cbd - near,0.0,False
111,Up in smoke-ys #smokeys503inc #smokeshop #oregon #pnw #503 #salem Smokey's gift shop,1,1_smokeshop_hollywood_smoke_smokeproducts,smokeshop - hollywood - smoke - smokeproducts - losangeles - high - angeles - dispensary - texas - customers,1.0,False
112,We got BrandNewGrinders Just In At PalmasSmokeshop6711 Hollywood Boulevard Los Angeles CA 90028 Peace - #grinders #herbgrinders #rickandmorty #ricknmorty #palmassmokeshop #losangeles #hollywood #smokeaccessories #smokeproducts #smokeshop #420,1,1_smokeshop_hollywood_smoke_smokeproducts,smokeshop - hollywood - smoke - smokeproducts - losangeles - high - angeles - dispensary - texas - customers,0.8795958869168001,True
113,: Theres power in chaos and in symmetry #Uwell #Uwelltech #CaliburnA #vapedaily #vapetime #vapefam #vapelove #Caliburn #Cali,0,0_uwelltech_vapetime_uwell_vapefam,uwelltech - vapetime - uwell - vapefam - vapedaily - caliburna - vapelove - caliburn - caliburna3 - caliburnak3,0.8203072072834997,False
114,HQD Cuvie Plus Disposable Vape Device - 10PK WARNING: These Products Contain Nicotine. No Sales to under 21 yrs old. #vapestore #vapepics #vapesociety #vapes #everythingvapes #vaporizer #ecig #vapefamily #vapemurah #vapeworld #vape #vapelife,2,2_vape_disposable_nicotine_warning,vape - disposable - nicotine - warning - yrs - sales - contain - old - products - 21,1.0,True
115,Selling puffs/cake bars and jeeters and edibles join telegram #smokeshop #carts #disposible #jeeter #puffbar #vape #telegram18 #forsale #California #edibles,1,1_smokeshop_hollywood_smoke_smokeproducts,smokeshop - hollywood - smoke - smokeproducts - losangeles - high - angeles - dispensary - texas - customers,1.0,False
116,": Send for the Dispensary, Im ready to grab some fresh Wax. And Send for the SmokeShop because I deserve a Fresh, Clean",1,1_smokeshop_hollywood_smoke_smokeproducts,smokeshop - hollywood - smoke - smokeproducts - losangeles - high - angeles - dispensary - texas - customers,0.7342192132481483,False
117,: What do you do at night? These are the ones I would use. #Uwell #Uwelltech #CaliburnA #vapedaily #vapetime #vapefam #vape,0,0_uwelltech_vapetime_uwell_vapefam,uwelltech - vapetime - uwell - vapefam - vapedaily - caliburna - vapelove - caliburn - caliburna3 - caliburnak3,1.0,False
118,"The B100 aka Boost Pro 2 is stocked. Has an A-lock feature, upgraded pod, compatible with P series coils. Single battery pod system. #love #foryou #explore #explorepage #vape #vaping #ecigarette #geekvape #geeklife #geekup #GEEKUp #geekvapetech #GeekFam",-1,-1_vape_vapeshop_vapelife_vaping,vape - vapeshop - vapelife - vaping - eliquid - vapecommunity - love - battery - cbd - near,0.0,True
119,": The B100 aka Boost Pro 2 is stocked. Has an A-lock feature, upgraded pod, compatible with P series coils. Single battery",-1,-1_vape_vapeshop_vapelife_vaping,vape - vapeshop - vapelife - vaping - eliquid - vapecommunity - love - battery - cbd - near,0.0,False
120,Hogwarts Legacy: Finalmente lleg el da... lo probamos desde cero! #HogwartsLegacy #MatiGeekUp #GeekUp #HarryPotter #JKRowling #StreamON #YaPrendi #Geek #RPG #AvalancheSoftware #Hogwarts #Venite #EstamosON,3,3_86_whatsapp_vapeshop_vapelife,86 - whatsapp - vapeshop - vapelife - vapenation - vape - vapecommunity - vapeon - poland - hogwarts,1.0,False
121,Draw the colorful life #suorin #disposablevape #flavorvape #vapefan #vapetime #vapeworld,0,0_uwelltech_vapetime_uwell_vapefam,uwelltech - vapetime - uwell - vapefam - vapedaily - caliburna - vapelove - caliburn - caliburna3 - caliburnak3,1.0,False
122,: Do you like cyberpunk style? I'm obsessed with this. . #vapelustion #hannyaairtok #airtok #airtokpod #hannyavape #hannyaf,3,3_86_whatsapp_vapeshop_vapelife,86 - whatsapp - vapeshop - vapelife - vapenation - vape - vapecommunity - vapeon - poland - hogwarts,1.0,False
123,: #Vibes. #Fatty. #Blanco. Coming Soon To A Smokeshop/Dispensary Near You.. #JustWaitOnIt. #VibesPapersOnly. #Vibe,1,1_smokeshop_hollywood_smoke_smokeproducts,smokeshop - hollywood - smoke - smokeproducts - losangeles - high - angeles - dispensary - texas - customers,0.9023318985585771,False
124,": GeekVape Obelisk U If you look at what you have in life, you'll always have more. If you look at what you don't have i",0,0_uwelltech_vapetime_uwell_vapefam,uwelltech - vapetime - uwell - vapefam - vapedaily - caliburna - vapelove - caliburn - caliburna3 - caliburnak3,1.0,False
125,5 star review from Vincent Aversa: Durban Poison Review #vape #vapelife #vapecommunity #vapestore #vapepenswholesale #vapeshop,-1,-1_vape_vapeshop_vapelife_vaping,vape - vapeshop - vapelife - vaping - eliquid - vapecommunity - love - battery - cbd - near,0.0,False
126,Most of this is sold at the local smokeshop,1,1_smokeshop_hollywood_smoke_smokeproducts,smokeshop - hollywood - smoke - smokeproducts - losangeles - high - angeles - dispensary - texas - customers,1.0,False
127,The absolute best vape design you've manufactured so far,2,2_vape_disposable_nicotine_warning,vape - disposable - nicotine - warning - yrs - sales - contain - old - products - 21,0.8664264750846212,False
128,"Fabulous Caliburn AK3, The path of the first ray of the rising",0,0_uwelltech_vapetime_uwell_vapefam,uwelltech - vapetime - uwell - vapefam - vapedaily - caliburna - vapelove - caliburn - caliburna3 - caliburnak3,1.0,False
129,"what the fuck do you think space time is, and then im gonna need your plug/smokeshops number.",-1,-1_vape_vapeshop_vapelife_vaping,vape - vapeshop - vapelife - vaping - eliquid - vapecommunity - love - battery - cbd - near,0.0,False
130,So is makes total sense. Paying teens to promote a fake warehouse. has always been the worst brands and now the pay kids to post propaganda,1,1_smokeshop_hollywood_smoke_smokeproducts,smokeshop - hollywood - smoke - smokeproducts - losangeles - high - angeles - dispensary - texas - customers,1.0,False
131,: When there is light #Uwell #Uwelltech #CaliburnA #vapedaily #vapetime #vapefam #vapelove #Caliburn #CaliburnTenet #Calibur,0,0_uwelltech_vapetime_uwell_vapefam,uwelltech - vapetime - uwell - vapefam - vapedaily - caliburna - vapelove - caliburn - caliburna3 - caliburnak3,1.0,False
132,": #Giveaway #ValentinesDay #ValentinesDay2023 Witness Every Kind Of ""LOVE"" Whether a lover, pets, or yourself, you may h",-1,-1_vape_vapeshop_vapelife_vaping,vape - vapeshop - vapelife - vaping - eliquid - vapecommunity - love - battery - cbd - near,0.0,False
133,"I don't really like posting pictures of my family, but my wife and son are my life. Hope that's allowed lmao. November will be 10 years together and my son is currently 7. I started vaping due to my family wanting me to quit smoking, which was how I found the OG Caliburn",0,0_uwelltech_vapetime_uwell_vapefam,uwelltech - vapetime - uwell - vapefam - vapedaily - caliburna - vapelove - caliburn - caliburna3 - caliburnak3,1.0,False
134,IPLAY will be present in #TPE23 Let's meet you in Las Vegas in February! : The product contains addictive chemical Nicotine. For adults (21+) only. : #iplayvape #tpe #usa #tpeus #vapeshow,2,2_vape_disposable_nicotine_warning,vape - disposable - nicotine - warning - yrs - sales - contain - old - products - 21,1.0,False
135,": The legend continues its story. Geekvape Z Sub-Ohm Tank. Leakproof top airflow system, max performance. #love #foryou",-1,-1_vape_vapeshop_vapelife_vaping,vape - vapeshop - vapelife - vaping - eliquid - vapecommunity - love - battery - cbd - near,0.0,False
136,"Better way to enjoy the cartridge and wax, enjoy the wonderful time with your friends #vape #vaporizers #vaping #erig #cannabis #smokeshop #vaporizer #wax #waxpen #hatovape #hatovapeofficial #erig #dabrig #waxvaporizer #waxvape #vaporizer",-1,-1_vape_vapeshop_vapelife_vaping,vape - vapeshop - vapelife - vaping - eliquid - vapecommunity - love - battery - cbd - near,0.0,False
137,: Coming up! WELCOME #TPE23 SHOW ATTENDEES FEB 22ND-24TH Free entry with convention badge! #HustlerVegas,-1,-1_vape_vapeshop_vapelife_vaping,vape - vapeshop - vapelife - vaping - eliquid - vapecommunity - love - battery - cbd - near,0.0,False
138,"Smores will transport you to a cozy campsite with every inhale! It's the perfect combination of rich chocolate and gooey marshmallows, all wrapped up in the warm, crispy goodness of a graham cracker. #VapeShop #ECig #RDA #Vapeallday #Loadedejuice #Letsgetloaded",1,1_smokeshop_hollywood_smoke_smokeproducts,smokeshop - hollywood - smoke - smokeproducts - losangeles - high - angeles - dispensary - texas - customers,0.8621701223286226,False
139,": Up to 40% off on bongs, pipes and gifts on #headshop #smokeshop Follow us for more promotions",1,1_smokeshop_hollywood_smoke_smokeproducts,smokeshop - hollywood - smoke - smokeproducts - losangeles - high - angeles - dispensary - texas - customers,1.0,False
140,Find the Vape Juice in UAE Top Vape E-Juice Brands - Get the best vape e-juice online for same-day delivery from Vapor Store in the UAE. You can order Sharjah e-liquid based on your preferences. Buy Link: #vaporstoreuae #vapeshop #juice #uae,2,2_vape_disposable_nicotine_warning,vape - disposable - nicotine - warning - yrs - sales - contain - old - products - 21,0.8795897057891314,False
141,"Today's Wasp Nano RDA V2 Warning:you must be of legal age to vape, thank you! #vapelife #vapenation #vapecommunity #vapeporn #vaping #vapeon #vapefam #vapor #vapers #vapeshop #vapelyfe #vapedaily #vapestagram #vapestore #vaporizer #vapesociety #vapefamily #ecig #ecigarette",2,2_vape_disposable_nicotine_warning,vape - disposable - nicotine - warning - yrs - sales - contain - old - products - 21,1.0,False
142,Double beauty Pic from #suorin #disposablevape #flavorvape #vapefan #vapetime #vapeworld,0,0_uwelltech_vapetime_uwell_vapefam,uwelltech - vapetime - uwell - vapefam - vapedaily - caliburna - vapelove - caliburn - caliburna3 - caliburnak3,0.8657459651151777,False
143,": ""Uwell wants to meet with you""-USA We're meeting in less than 24 hours, and we're looking forward to meeting our friends in",-1,-1_vape_vapeshop_vapelife_vaping,vape - vapeshop - vapelife - vaping - eliquid - vapecommunity - love - battery - cbd - near,0.0,False
144,#Pureinvoke A usual unusual flavor made to represent the NYC lifestyle! #pureinvoke#vapegram#cloudchaser#vapeallday#vapelifestyle#vapestore#vapephotography#vapegirls#subohm#ukvapers#vapeaddict#handcheck#vapehard#coilporn#cloudchasing#vaporizer#vapeindonesia,-1,-1_vape_vapeshop_vapelife_vaping,vape - vapeshop - vapelife - vaping - eliquid - vapecommunity - love - battery - cbd - near,0.0,False
145,: Aegis Legend 2 Classic Kit Top Airflow!!! #love #foryou #explore #explorepage #vape #vaping #ecigarette #geekvape #gee,-1,-1_vape_vapeshop_vapelife_vaping,vape - vapeshop - vapelife - vaping - eliquid - vapecommunity - love - battery - cbd - near,0.0,False
146,"the correct one is C, why, because A the date should be 22, 23, 24, the B should be TPE not TEP, &amp; D should be state of Nevada not California. Come join",0,0_uwelltech_vapetime_uwell_vapefam,uwelltech - vapetime - uwell - vapefam - vapedaily - caliburna - vapelove - caliburn - caliburna3 - caliburnak3,0.8659593215502629,False
147,Lost Mary BM600 Cotton Candy Ice 2% - Vapeshop Sibiu #vape #vapeshopsibiu #sibiu,-1,-1_vape_vapeshop_vapelife_vaping,vape - vapeshop - vapelife - vaping - eliquid - vapecommunity - love - battery - cbd - near,0.0,False
148,: Satisfying vape tricks with Mr for max air . #mrfog #vape #vapeon #vapelife #vapeca #vapeshop #vapes .,3,3_86_whatsapp_vapeshop_vapelife,86 - whatsapp - vapeshop - vapelife - vapenation - vape - vapecommunity - vapeon - poland - hogwarts,0.947334663549207,False
149,Juucy Model X3 Disposable Vape - 1PC WARNING: These Products Contain Nicotine. No Sales to under 21 yrs old. #vapestore #vapepics #vapesociety #vapes #vapeindonesia #vaporizer #ecig #vapefamily #vapemurah #vapeworld #vape #vapelife,2,2_vape_disposable_nicotine_warning,vape - disposable - nicotine - warning - yrs - sales - contain - old - products - 21,0.986953947205627,False
150,Imagine this under a black light? #Houston #Vapeshop #Smokeshop #HomiezSmokeshop #Tattoosupplies,1,1_smokeshop_hollywood_smoke_smokeproducts,smokeshop - hollywood - smoke - smokeproducts - losangeles - high - angeles - dispensary - texas - customers,1.0,False
151,Did you have a dream last night? #Uwell #Uwelltech #CaliburnA #vapedaily #vapetime #vapefam #vapelove #Caliburn #CaliburnCrownM Only for adults(21+).,0,0_uwelltech_vapetime_uwell_vapefam,uwelltech - vapetime - uwell - vapefam - vapedaily - caliburna - vapelove - caliburn - caliburna3 - caliburnak3,1.0,False
152,That was pretty fun...I had like 10 Screenshots before I got this lols,0,0_uwelltech_vapetime_uwell_vapefam,uwelltech - vapetime - uwell - vapefam - vapedaily - caliburna - vapelove - caliburn - caliburna3 - caliburnak3,0.8738381317364915,False
153,14 Chatbot Use Cases: How They Can Help In Your Industry #illini #cryptocurrency #winterstorm #founderstories #sportstab #saintjeandeluz #vapestore #tech #kwitealigations #ghostbrothers #nowplaying #middleschool #hookedonjd #krush #biodiversity,3,3_86_whatsapp_vapeshop_vapelife,86 - whatsapp - vapeshop - vapelife - vapenation - vape - vapecommunity - vapeon - poland - hogwarts,1.0,False
154,Pineapple LAFI. Aren't you curious how it tastes?The fruity LAFI is hard to beat in this area RETWEET this and DRAW 10 followers to send in the latest LAFI flavor! WARNING: No one under 21 years old #LAFI #LAFI_JWEL #vape #lafivape #vapeshop #vapes #vapecommunity,-1,-1_vape_vapeshop_vapelife_vaping,vape - vapeshop - vapelife - vaping - eliquid - vapecommunity - love - battery - cbd - near,0.0,False
155,JUST DROPPING...Selling out fast Discover the Air Bar BOX Disposable Vape!!! Checkout and order at #jucevape #relxinfinity #relxpod #infinitypods #vape #vapelife #vapecommunity #vapenation #vaping #quitsmokingtoday #vapeshop #usa #wakapods #veexpods,-1,-1_vape_vapeshop_vapelife_vaping,vape - vapeshop - vapelife - vaping - eliquid - vapecommunity - love - battery - cbd - near,0.0,False
156,: Geekvape Z200 Kit The Absolute Power. Be the first to own this one of a kind device! It pleases your eyes with a lar,3,3_86_whatsapp_vapeshop_vapelife,86 - whatsapp - vapeshop - vapelife - vapenation - vape - vapecommunity - vapeon - poland - hogwarts,1.0,False
157,"Crown V tank is shite, leaks everywhere, piss poor",-1,-1_vape_vapeshop_vapelife_vaping,vape - vapeshop - vapelife - vaping - eliquid - vapecommunity - love - battery - cbd - near,0.0,False
158,"When I received mine in this Olive Green Color, that's exactly what I thought! It emits adventure, backpacking, camo uniform, the Army ...the Outdoors! The attention to detail is exceptional!",0,0_uwelltech_vapetime_uwell_vapefam,uwelltech - vapetime - uwell - vapefam - vapedaily - caliburna - vapelove - caliburn - caliburna3 - caliburnak3,1.0,False
159,And if he doesn't wanna go to 711 there's a smokeshop that usually has nobody in there if he doesn't want people to see him idk how you guys do things in life lol,1,1_smokeshop_hollywood_smoke_smokeproducts,smokeshop - hollywood - smoke - smokeproducts - losangeles - high - angeles - dispensary - texas - customers,0.9517743879806815,False
160,: 10FLAVORS Which flavor would you most like to try first? ? #omario #vapepod #fruits #vapetime #vapeflavor,-1,-1_vape_vapeshop_vapelife_vaping,vape - vapeshop - vapelife - vaping - eliquid - vapecommunity - love - battery - cbd - near,0.0,False
161,"#HQD Welcome to ask about price and other details~ Ultima, 6000 Puffs, Mesh coil, Non-rechargeable with 1400mAh pure cobalt battery +8618576639278 #vapewholesale #disposablevape #vapeshop #vapebusiness #vapelife #Vapepen",-1,-1_vape_vapeshop_vapelife_vaping,vape - vapeshop - vapelife - vaping - eliquid - vapecommunity - love - battery - cbd - near,0.0,False
162,"Cuvie Slick Vape Podthe top choice for the businessman, bigger 1400mAh cobalt battery, no need to charge, free on the go. #hqd #hqdtech #hqdslick #disposablevape #vapewholesale #vapedistributors #Vapeporn #vapecommunity",-1,-1_vape_vapeshop_vapelife_vaping,vape - vapeshop - vapelife - vaping - eliquid - vapecommunity - love - battery - cbd - near,0.0,False
163,VGOD POD 1K Disposable Vape Pod Device - 10PK WARNING: These Products Contain Nicotine. No Sales to under 21 yrs old. #vapecommunity #vapeon #vapefam #vapelyfe #vapestagram #vapedaily #vapetricks #vaper #vapers #vapelove #vapeshop #vapepics,2,2_vape_disposable_nicotine_warning,vape - disposable - nicotine - warning - yrs - sales - contain - old - products - 21,1.0,False
164,"Free Delivery within a 10km radius from the store T &amp; Cs Apply! We have a portable card machine for your convenience! c/o Dove and Boundary Roads, Rynfield, Benoni, 1501 Check out ! #vape #vapelife #vapecommunity #vapeshop #vapenation",3,3_86_whatsapp_vapeshop_vapelife,86 - whatsapp - vapeshop - vapelife - vapenation - vape - vapecommunity - vapeon - poland - hogwarts,0.9644415359656697,False
165,Stay spooky out there #texasvapes #texas #sanangelo #sanangelotx #sanangelotexas #angelostate #smokeshop #glasssmoke #ocg,1,1_smokeshop_hollywood_smoke_smokeproducts,smokeshop - hollywood - smoke - smokeproducts - losangeles - high - angeles - dispensary - texas - customers,0.9266497688911056,False
166,Highlights of Micool2? Let's watch the video below Check here : #ecig #vapeshop #vapelife #vapelove #eliquid #ejuice #zqvapor #micool2,-1,-1_vape_vapeshop_vapelife_vaping,vape - vapeshop - vapelife - vaping - eliquid - vapecommunity - love - battery - cbd - near,0.0,False
167,Come check out our van this Saturday! #elpasotexas #supportlocal #mobilevapeshop #elpasotx #vapeshop #vapelife #vapesociety #elpasovapes #elpasovapedelivery #mercedes #mercedesbenz #dispo,3,3_86_whatsapp_vapeshop_vapelife,86 - whatsapp - vapeshop - vapelife - vapenation - vape - vapecommunity - vapeon - poland - hogwarts,1.0,False
168,Pre-sale Price only for $15.99 Check it now: #mistvapor#disposablevape#vapelife#vapecommunity#elfbar#vapeflavour#vapedaily#vapelifestyle#vapestore#vapesociety#vapor#vaping#vapingstyle#smoke#ecig#vapetricks#vapers#smoking#cigarettes#cigarrete#college,-1,-1_vape_vapeshop_vapelife_vaping,vape - vapeshop - vapelife - vaping - eliquid - vapecommunity - love - battery - cbd - near,0.0,False
