,Document,Topic,Name,Top_n_words,Probability,Representative_document
550,i was literally faded than a hoe when i hit my boys pod,4,4_elfbar_found_hit_threw,elfbar - found - hit - threw - juul - im - ear - bar - still - hitting,0.269623348,FALSE
1752,i dont even remember why i was naked and in a pod help me out?,4,4_elfbar_found_hit_threw,elfbar - found - hit - threw - juul - im - ear - bar - still - hitting,0.262967226,FALSE
2302,thinkin bout the time i found juul w a brand new pod under eleazar's couch that i'd lost a month prior,4,4_elfbar_found_hit_threw,elfbar - found - hit - threw - juul - im - ear - bar - still - hitting,0.243558851,FALSE
2459,"did this bout yrs back, gave a fren who have a farm n did a cook out, all now the taste of they pod still ina me mouth but smoke ooda kill me had tiast breadfruit, jelly, cane, rain water etc, licka n food fi stone dog, i came back to london wid a piece a gut",4,4_elfbar_found_hit_threw,elfbar - found - hit - threw - juul - im - ear - bar - still - hitting,0.276679325,FALSE
2703,"i'll put my earpiece back in its pod and close but my phone go still dey display am. oraimo's watch is so fake, bruh.",4,4_elfbar_found_hit_threw,elfbar - found - hit - threw - juul - im - ear - bar - still - hitting,0.258232201,FALSE
2858,rt : my mom found my pod dlm satchel bag. god hope dia x jumpa condom aku selit dlm zip tu simpan utk emergency tkot terbabas,4,4_elfbar_found_hit_threw,elfbar - found - hit - threw - juul - im - ear - bar - still - hitting,0.263245094,FALSE
3144,it's because of the shape of the ear muffs! not to go all music nerd on this as an avid dank pod enjoyer but if the ear pads are not the correct shape for your ears or on incorrectly they could have the opposite effect,4,4_elfbar_found_hit_threw,elfbar - found - hit - threw - juul - im - ear - bar - still - hitting,0.25091144,FALSE
3623,i aint ever eat no detergent pod idk what yall was on,4,4_elfbar_found_hit_threw,elfbar - found - hit - threw - juul - im - ear - bar - still - hitting,0.276679325,FALSE
3700,im still mad i lost my ear pod,4,4_elfbar_found_hit_threw,elfbar - found - hit - threw - juul - im - ear - bar - still - hitting,0.229275226,FALSE
4189,rt : some random dude bought my used ecig from me last night at the bar lmao,4,4_elfbar_found_hit_threw,elfbar - found - hit - threw - juul - im - ear - bar - still - hitting,0.271617173,FALSE
4355,praying to get called in for a shift at work so i can afford a new elfbar,4,4_elfbar_found_hit_threw,elfbar - found - hit - threw - juul - im - ear - bar - still - hitting,1,FALSE
4360,yes *as i simultaneously hit a loon and elfbar*,4,4_elfbar_found_hit_threw,elfbar - found - hit - threw - juul - im - ear - bar - still - hitting,1,FALSE
4368,elfbar sour candy is the shit,4,4_elfbar_found_hit_threw,elfbar - found - hit - threw - juul - im - ear - bar - still - hitting,0.941139512,FALSE
4374,after security taking my juul and touching my balls making sure i dont have a firearm paying $17 for a beer,4,4_elfbar_found_hit_threw,elfbar - found - hit - threw - juul - im - ear - bar - still - hitting,0.248769936,FALSE
4389,the pain when that little blue light on your elfbar begins to flash,4,4_elfbar_found_hit_threw,elfbar - found - hit - threw - juul - im - ear - bar - still - hitting,0.913079345,FALSE
4393,whats the best elfbar flavor,4,4_elfbar_found_hit_threw,elfbar - found - hit - threw - juul - im - ear - bar - still - hitting,0.533796722,FALSE
4394,[watching kats dad take my pie out of my bag and a juul falls out] oh thats not mine. i found that in an uber,4,4_elfbar_found_hit_threw,elfbar - found - hit - threw - juul - im - ear - bar - still - hitting,0.255012489,FALSE
4395,bad juul rip and i puked god i hope no one heard that,4,4_elfbar_found_hit_threw,elfbar - found - hit - threw - juul - im - ear - bar - still - hitting,0.256145646,FALSE
4396,my elfbar needs to hurry up n charge,4,4_elfbar_found_hit_threw,elfbar - found - hit - threw - juul - im - ear - bar - still - hitting,1,FALSE
4407,im literally better than every1 w or w/o my elfbar argh i &lt;3 my elfbar,4,4_elfbar_found_hit_threw,elfbar - found - hit - threw - juul - im - ear - bar - still - hitting,1,TRUE
4408,"elfbar need your full name, address in details, post code, country and phone no. email title with ""elfbar winner rd prize""",4,4_elfbar_found_hit_threw,elfbar - found - hit - threw - juul - im - ear - bar - still - hitting,0.754603707,FALSE
4409,"me on a first date ""if you where an elfbar what flavour would you be """,4,4_elfbar_found_hit_threw,elfbar - found - hit - threw - juul - im - ear - bar - still - hitting,0.438416243,FALSE
4410,"someone give him an elfbar, that should do the trick",4,4_elfbar_found_hit_threw,elfbar - found - hit - threw - juul - im - ear - bar - still - hitting,1,FALSE
4412,seeing your elfbar blink hurts more than any heartbreak,4,4_elfbar_found_hit_threw,elfbar - found - hit - threw - juul - im - ear - bar - still - hitting,0.516012151,FALSE
4426,"juul broke and fixed itself while researching mercurys caduceus it broke again, perm, later on",4,4_elfbar_found_hit_threw,elfbar - found - hit - threw - juul - im - ear - bar - still - hitting,0.228813599,FALSE
4437,i wonder how many cals is in this elfbar,4,4_elfbar_found_hit_threw,elfbar - found - hit - threw - juul - im - ear - bar - still - hitting,0.859825646,FALSE
4441,i simply need to get my hands on a elf bar in general day two without an elfbar going insane,4,4_elfbar_found_hit_threw,elfbar - found - hit - threw - juul - im - ear - bar - still - hitting,1,FALSE
4445,"this is /j guys, my cherry elfbar is still kicking fr",4,4_elfbar_found_hit_threw,elfbar - found - hit - threw - juul - im - ear - bar - still - hitting,0.922611974,FALSE
4447,rt : me after beers and a couple hits off someone elses elfbar,4,4_elfbar_found_hit_threw,elfbar - found - hit - threw - juul - im - ear - bar - still - hitting,1,FALSE
4449,my elfbar made the most terrifying sound when i hit it rn omfg .. but did i carry on like nothing happened? yes,4,4_elfbar_found_hit_threw,elfbar - found - hit - threw - juul - im - ear - bar - still - hitting,0.929618094,FALSE
4452,i go whenever i see him smoking the elfbar i gave him,4,4_elfbar_found_hit_threw,elfbar - found - hit - threw - juul - im - ear - bar - still - hitting,0.626224745,FALSE
4455,"elfbar is running ""claw for xmas"" now. #elfxmas #clawforxmas",4,4_elfbar_found_hit_threw,elfbar - found - hit - threw - juul - im - ear - bar - still - hitting,1,FALSE
4460,u can have this almost done elfbar,4,4_elfbar_found_hit_threw,elfbar - found - hit - threw - juul - im - ear - bar - still - hitting,1,FALSE
4466,if you re around me and got an elfbar im punching u in the throat,4,4_elfbar_found_hit_threw,elfbar - found - hit - threw - juul - im - ear - bar - still - hitting,1,FALSE
4467,love this new flavor elfbar i love how it ran out in the span of a week,4,4_elfbar_found_hit_threw,elfbar - found - hit - threw - juul - im - ear - bar - still - hitting,0.467643994,FALSE
4470,fuck i hit the elfbar too hard again...,4,4_elfbar_found_hit_threw,elfbar - found - hit - threw - juul - im - ear - bar - still - hitting,1,FALSE
4473,please leave them elfbar vapes in,4,4_elfbar_found_hit_threw,elfbar - found - hit - threw - juul - im - ear - bar - still - hitting,1,FALSE
4476,rt : where tf is my elfbar bro i swear i left it in here,4,4_elfbar_found_hit_threw,elfbar - found - hit - threw - juul - im - ear - bar - still - hitting,0.766019597,FALSE
4482,elfbar catchin up to my man,4,4_elfbar_found_hit_threw,elfbar - found - hit - threw - juul - im - ear - bar - still - hitting,1,FALSE
4486,what is elfbar,4,4_elfbar_found_hit_threw,elfbar - found - hit - threw - juul - im - ear - bar - still - hitting,1,TRUE
4492,mfs wake up and the first thing they look for is an elfbar,4,4_elfbar_found_hit_threw,elfbar - found - hit - threw - juul - im - ear - bar - still - hitting,1,FALSE
4496,"the cute lil elfbar, same!",4,4_elfbar_found_hit_threw,elfbar - found - hit - threw - juul - im - ear - bar - still - hitting,1,FALSE
4507,gonna make my th attempt to quit elfbar once this one runs out wish me luck,4,4_elfbar_found_hit_threw,elfbar - found - hit - threw - juul - im - ear - bar - still - hitting,0.771664627,FALSE
4511,rt : when my elfbar dies and i have to wait for it to charge.,4,4_elfbar_found_hit_threw,elfbar - found - hit - threw - juul - im - ear - bar - still - hitting,0.410994755,FALSE
4513,me laughing at those wheres my vape ppl also me: buys an elfbar,4,4_elfbar_found_hit_threw,elfbar - found - hit - threw - juul - im - ear - bar - still - hitting,0.731103491,FALSE
4518,so excited to wake up and hit my elfbar early in the morning,4,4_elfbar_found_hit_threw,elfbar - found - hit - threw - juul - im - ear - bar - still - hitting,1,FALSE
4525,being taunted by the elfbar on the other side of the fence,4,4_elfbar_found_hit_threw,elfbar - found - hit - threw - juul - im - ear - bar - still - hitting,1,FALSE
4537,rt : hoes be sexy then boom elfbar,4,4_elfbar_found_hit_threw,elfbar - found - hit - threw - juul - im - ear - bar - still - hitting,0.240646733,FALSE
4540,its not an elfbar its some other lame brand,4,4_elfbar_found_hit_threw,elfbar - found - hit - threw - juul - im - ear - bar - still - hitting,0.704756103,FALSE
4541,hitting your elfbar while getting head is not hot,4,4_elfbar_found_hit_threw,elfbar - found - hit - threw - juul - im - ear - bar - still - hitting,0.998239862,FALSE
4542,iget anyday elfbar shitty asf,4,4_elfbar_found_hit_threw,elfbar - found - hit - threw - juul - im - ear - bar - still - hitting,0.732333948,FALSE
4543,rt : bought an elfbar today now i cant breathe,4,4_elfbar_found_hit_threw,elfbar - found - hit - threw - juul - im - ear - bar - still - hitting,1,FALSE
4549,sorry to whoever tried to rob my car ln. i'd b rly mad if i only found juul pods and a toothbrush too,4,4_elfbar_found_hit_threw,elfbar - found - hit - threw - juul - im - ear - bar - still - hitting,0.228813599,FALSE
4551,im taking a break from my juul ( i bought an elf bar),4,4_elfbar_found_hit_threw,elfbar - found - hit - threw - juul - im - ear - bar - still - hitting,1,FALSE
4552,that time i hit an elfbar while high and that's all i could taste for an hour,4,4_elfbar_found_hit_threw,elfbar - found - hit - threw - juul - im - ear - bar - still - hitting,1,FALSE
4557,thinking of changing my dn from elfbar enjoyer to thanos throatfucker,4,4_elfbar_found_hit_threw,elfbar - found - hit - threw - juul - im - ear - bar - still - hitting,1,FALSE
4567,"i got a boner while hitting my elfbar like damn, that buzz gave me a woody #whitepeoplewhentheylosettheyvape",4,4_elfbar_found_hit_threw,elfbar - found - hit - threw - juul - im - ear - bar - still - hitting,1,FALSE
4569,elfbar so overrated dpmo. i hate how light they are and how fast they get burnt so expensive too tell me why i had to pay $25 for one. flavors are mid too idk maybe i have to try more,4,4_elfbar_found_hit_threw,elfbar - found - hit - threw - juul - im - ear - bar - still - hitting,0.455577644,FALSE
4570,time when i was walking to work and someone threw an elfbar off the bridge above me and it landed like a foot away from me. i hope they die,4,4_elfbar_found_hit_threw,elfbar - found - hit - threw - juul - im - ear - bar - still - hitting,0.915512463,FALSE
4573,me reading this with elfbar in my mouth,4,4_elfbar_found_hit_threw,elfbar - found - hit - threw - juul - im - ear - bar - still - hitting,1,FALSE
4575,do not look at the elfbar in the back,4,4_elfbar_found_hit_threw,elfbar - found - hit - threw - juul - im - ear - bar - still - hitting,1,TRUE
4580,i miss carrying my elfbar in my pocket like a crystal,4,4_elfbar_found_hit_threw,elfbar - found - hit - threw - juul - im - ear - bar - still - hitting,0.938118789,FALSE
4582,i found someone's elfbar in my car and it reminded me of,4,4_elfbar_found_hit_threw,elfbar - found - hit - threw - juul - im - ear - bar - still - hitting,1,FALSE
4585,rt : stuart atwell's left the pitch to get an elfbar from,4,4_elfbar_found_hit_threw,elfbar - found - hit - threw - juul - im - ear - bar - still - hitting,1,FALSE
4587,when i go to twitchcon im having isaac sign my elfbar,4,4_elfbar_found_hit_threw,elfbar - found - hit - threw - juul - im - ear - bar - still - hitting,1,FALSE
4590,we hav the same elfbar,4,4_elfbar_found_hit_threw,elfbar - found - hit - threw - juul - im - ear - bar - still - hitting,1,FALSE
4592,rt : oh no baby i still fw you its jus tha way you threw me across tha room when you couldnt find your elfbar threw me of,4,4_elfbar_found_hit_threw,elfbar - found - hit - threw - juul - im - ear - bar - still - hitting,0.349335584,FALSE
4596,"rt : elfbar rebrands name in response to u.s. vpr lawsuit despite the district courts preliminary order, elfbar continues to af",4,4_elfbar_found_hit_threw,elfbar - found - hit - threw - juul - im - ear - bar - still - hitting,1,FALSE
4612,found my juul after tearing apart my apartment for like a week looking for it (behind the radiator). can i get some ws in the chat,4,4_elfbar_found_hit_threw,elfbar - found - hit - threw - juul - im - ear - bar - still - hitting,0.276679325,FALSE
4613,level of lying: convinced my mom that my elfbar was a lip balm,4,4_elfbar_found_hit_threw,elfbar - found - hit - threw - juul - im - ear - bar - still - hitting,0.642893841,FALSE
4619,my phones face id recognizes me when im hitting my juul but not when im smiling. much to think about,4,4_elfbar_found_hit_threw,elfbar - found - hit - threw - juul - im - ear - bar - still - hitting,0.276679325,FALSE
4620,rt : matty healy with the elfbar,4,4_elfbar_found_hit_threw,elfbar - found - hit - threw - juul - im - ear - bar - still - hitting,1,FALSE
55,"rt : eautiful pod right here's. is cooking hard, i'm sure we're eating good soon #bbsnfts #nft #solanan",5,5_mango_juul_nutella_grape,mango - juul - nutella - grape - flavor - cookies - elfbar - sy - breeze - rm18,0.736264171,FALSE
245,rt : pom pod &amp; muffin moss ....,5,5_mango_juul_nutella_grape,mango - juul - nutella - grape - flavor - cookies - elfbar - sy - breeze - rm18,0.898658746,FALSE
363,"the ""sweet &amp; salty"" juice + pod kit bundle",5,5_mango_juul_nutella_grape,mango - juul - nutella - grape - flavor - cookies - elfbar - sy - breeze - rm18,0.881592266,FALSE
398,peruvian is the flavor of the week: this super smooth cappuccino with a hint of hazelnut is perfect first thing in the morning. it's % off all week at the shops! #vape #vapeshop #ecig #ecigarettes #ejuice #eliquid,5,5_mango_juul_nutella_grape,mango - juul - nutella - grape - flavor - cookies - elfbar - sy - breeze - rm18,1,FALSE
434,good morning . black jack in this luster pod this morning. also green tea mixed with blue lotus leaves &amp;my lightbox/sunlamp #memberville,5,5_mango_juul_nutella_grape,mango - juul - nutella - grape - flavor - cookies - elfbar - sy - breeze - rm18,0.789985809,FALSE
485,what kind of a sick fuck peels the chocolate off the bottom of a and then does not eat said reeses?! these kardashians are pod peopling our youth.,5,5_mango_juul_nutella_grape,mango - juul - nutella - grape - flavor - cookies - elfbar - sy - breeze - rm18,0.588279299,FALSE
492,"rt : shoutout to pod. who wants to eat organic, frozen grapes out my pussy?",5,5_mango_juul_nutella_grape,mango - juul - nutella - grape - flavor - cookies - elfbar - sy - breeze - rm18,1,FALSE
549,fam. lets brunch and pod.,5,5_mango_juul_nutella_grape,mango - juul - nutella - grape - flavor - cookies - elfbar - sy - breeze - rm18,0.996340437,FALSE
604,"i only toast /2 the ground pod powder (lots of course bits), part as insurance against a burn. then the whole lot goes into the liquid, so /2 each gently browned and not. got some really good dried red in cuchillo once, need go there again, that was best flavored red ever.",5,5_mango_juul_nutella_grape,mango - juul - nutella - grape - flavor - cookies - elfbar - sy - breeze - rm18,1,FALSE
701,youre the mango to my juul pod,5,5_mango_juul_nutella_grape,mango - juul - nutella - grape - flavor - cookies - elfbar - sy - breeze - rm18,1,TRUE
747,rt : sy open order almond nutella pod. rm28 pcs. boleh pos insyallah. tp sy prefer cod kuantan. support jualan cookies sy pleas,5,5_mango_juul_nutella_grape,mango - juul - nutella - grape - flavor - cookies - elfbar - sy - breeze - rm18,0.651649907,FALSE
770,healthy moringa pod curry with coconut,5,5_mango_juul_nutella_grape,mango - juul - nutella - grape - flavor - cookies - elfbar - sy - breeze - rm18,1,FALSE
1026,rt : crunchy cookies with nutella on top nutella pod original // rm18,5,5_mango_juul_nutella_grape,mango - juul - nutella - grape - flavor - cookies - elfbar - sy - breeze - rm18,0.602826231,FALSE
1114,the last time had a fruit was his mango juul pod from,5,5_mango_juul_nutella_grape,mango - juul - nutella - grape - flavor - cookies - elfbar - sy - breeze - rm18,1,FALSE
1257,rt : hog roast - the pie pod - fanzone,5,5_mango_juul_nutella_grape,mango - juul - nutella - grape - flavor - cookies - elfbar - sy - breeze - rm18,0.657924031,FALSE
1344,"rt : rase una vez la ltima noche del ao, martn, martina y una fiesta sin igual ellos iban a cenar solos pero, qu ha pod",5,5_mango_juul_nutella_grape,mango - juul - nutella - grape - flavor - cookies - elfbar - sy - breeze - rm18,0.454494027,FALSE
1373,some #cola flavour for the sunday day hope every one is fine and wish you a wonderful day fam. #ating #atingvape #daniela_ltd #atingbar #lifestyle #vapelifestyle #cloudchaser #dampfen #vapelife #pod #podsystem #enjoy #satisfy #disposable #recycle #vapestick #dampfstick,5,5_mango_juul_nutella_grape,mango - juul - nutella - grape - flavor - cookies - elfbar - sy - breeze - rm18,0.957997346,FALSE
1376,"pod salt origin cuban creme e-liquid. a unique twist on the cuban tobacco classic. enjoy notes of only the very best hand-made cigars, boasting rich and shape aromas, with a delicate dashing of sweet vanilla crme. #podsalt #origin #eliquid",5,5_mango_juul_nutella_grape,mango - juul - nutella - grape - flavor - cookies - elfbar - sy - breeze - rm18,1,TRUE
1527,pod de pipoca...,5,5_mango_juul_nutella_grape,mango - juul - nutella - grape - flavor - cookies - elfbar - sy - breeze - rm18,1,FALSE
1582,pod sabor creatina,5,5_mango_juul_nutella_grape,mango - juul - nutella - grape - flavor - cookies - elfbar - sy - breeze - rm18,1,FALSE
1670,"tener una heladera, si no s bastante un techo propio y pod t ayudar a la fundacin en chaco",5,5_mango_juul_nutella_grape,mango - juul - nutella - grape - flavor - cookies - elfbar - sy - breeze - rm18,0.478823314,FALSE
1772,rt : nutella pod on top red velvet cookies in the house rm18,5,5_mango_juul_nutella_grape,mango - juul - nutella - grape - flavor - cookies - elfbar - sy - breeze - rm18,0.519091753,FALSE
1816,porritos mekas y pod de juicy labs.,5,5_mango_juul_nutella_grape,mango - juul - nutella - grape - flavor - cookies - elfbar - sy - breeze - rm18,1,FALSE
1824,so satisfying to watch the trichome heads melt down and start bubbling as it coats the flower in the vaporizer. gotta love hash.,5,5_mango_juul_nutella_grape,mango - juul - nutella - grape - flavor - cookies - elfbar - sy - breeze - rm18,1,FALSE
1839,"i had the opposite experience in italy, really nice gelato with a shitty little pod-machine espresso shot on top. rip",5,5_mango_juul_nutella_grape,mango - juul - nutella - grape - flavor - cookies - elfbar - sy - breeze - rm18,1,FALSE
1877,rt : good food good mood cookies nutella pod flavour oreo // rm18,5,5_mango_juul_nutella_grape,mango - juul - nutella - grape - flavor - cookies - elfbar - sy - breeze - rm18,0.778456811,FALSE
2485,lagrimas pod chocolate e bbb,5,5_mango_juul_nutella_grape,mango - juul - nutella - grape - flavor - cookies - elfbar - sy - breeze - rm18,0.781696957,FALSE
2513,"rt : ""pod salts mega flight"" juice + pod kit bundle (12x bottles!)",5,5_mango_juul_nutella_grape,mango - juul - nutella - grape - flavor - cookies - elfbar - sy - breeze - rm18,0.661543828,FALSE
2735,"jesus fucking christ. yall ever heard of butter, s&amp? shit looks dryer than a milkweed pod.",5,5_mango_juul_nutella_grape,mango - juul - nutella - grape - flavor - cookies - elfbar - sy - breeze - rm18,1,FALSE
2897,rt : a ton of cacao pod! +,5,5_mango_juul_nutella_grape,mango - juul - nutella - grape - flavor - cookies - elfbar - sy - breeze - rm18,0.990074152,FALSE
2967,"rt : manzanas fuji, diez minutos en remojo con agua y vinagre o bicarbonato sdico, para eliminar pesticidas y glifosfato, pod",5,5_mango_juul_nutella_grape,mango - juul - nutella - grape - flavor - cookies - elfbar - sy - breeze - rm18,1,FALSE
3038,alguien me dijo que pruebe el pod de limon pero no me acuerdo quien fueeeee,5,5_mango_juul_nutella_grape,mango - juul - nutella - grape - flavor - cookies - elfbar - sy - breeze - rm18,0.56050494,FALSE
3203,question: real pod vanilla or a substitute? i like to think the former would fade more quickly.,5,5_mango_juul_nutella_grape,mango - juul - nutella - grape - flavor - cookies - elfbar - sy - breeze - rm18,0.946194364,FALSE
3379,the things id do for a creme brle juul pod,5,5_mango_juul_nutella_grape,mango - juul - nutella - grape - flavor - cookies - elfbar - sy - breeze - rm18,0.480767391,FALSE
3537,pod thc vrios sabores # $ # $,5,5_mango_juul_nutella_grape,mango - juul - nutella - grape - flavor - cookies - elfbar - sy - breeze - rm18,1,FALSE
3610,ashamed to admit i tried two of these lol it was the ice and salt and cinnamon challenge. that pod shit is wild and idk what the deal is with a banana and sprite,5,5_mango_juul_nutella_grape,mango - juul - nutella - grape - flavor - cookies - elfbar - sy - breeze - rm18,0.659970834,FALSE
3696,rt : nothing a mango juul pod wouldnt fix!,5,5_mango_juul_nutella_grape,mango - juul - nutella - grape - flavor - cookies - elfbar - sy - breeze - rm18,1,FALSE
3724,chicken nuggets kai? and you hate pie?? great pod per usual,5,5_mango_juul_nutella_grape,mango - juul - nutella - grape - flavor - cookies - elfbar - sy - breeze - rm18,0.593780194,FALSE
3848,"rt : alex saab: hizo una triangulacin increble, para traer alimentos...haba muchos empresarios que pod",5,5_mango_juul_nutella_grape,mango - juul - nutella - grape - flavor - cookies - elfbar - sy - breeze - rm18,0.589935758,FALSE
3888,rt : the anecdotes in this pod are bananas.,5,5_mango_juul_nutella_grape,mango - juul - nutella - grape - flavor - cookies - elfbar - sy - breeze - rm18,0.816082201,FALSE
3927,rt : my new favorite go to at night is #12 sugar pod mixed with hot chocolate. i wake up feeling like i could melt back into,5,5_mango_juul_nutella_grape,mango - juul - nutella - grape - flavor - cookies - elfbar - sy - breeze - rm18,1,FALSE
3994,"youre asking this to the pod eating crowd of critics who think plant milk is better than real, bioengineered fake meat is better than real, and trans dancing in front of kids is perfectly normal",5,5_mango_juul_nutella_grape,mango - juul - nutella - grape - flavor - cookies - elfbar - sy - breeze - rm18,0.66005203,FALSE
4076,"rt : ##uninfuerzaycooperacin almuerzo, un poco tarde pero qu importa",5,5_mango_juul_nutella_grape,mango - juul - nutella - grape - flavor - cookies - elfbar - sy - breeze - rm18,0.457214781,FALSE
4122,rt : #produciresindependencia un cafecito de almuerzo,5,5_mango_juul_nutella_grape,mango - juul - nutella - grape - flavor - cookies - elfbar - sy - breeze - rm18,0.519903293,FALSE
4252,rt : get that side-pod recipe toto !!,5,5_mango_juul_nutella_grape,mango - juul - nutella - grape - flavor - cookies - elfbar - sy - breeze - rm18,0.790150015,FALSE
4267,falto o pod sabor melancia e trident de melancia,5,5_mango_juul_nutella_grape,mango - juul - nutella - grape - flavor - cookies - elfbar - sy - breeze - rm18,1,FALSE
4315,"rt : tu abuela comprando la fruta casi echada a perder de la frutera para hacer compota en vez de comer pescado, y as pod",5,5_mango_juul_nutella_grape,mango - juul - nutella - grape - flavor - cookies - elfbar - sy - breeze - rm18,1,FALSE
4338,rt : my vanilla pod hand cream is a super-nourishing organic cream that is so natural you can even use it on your lips and n,5,5_mango_juul_nutella_grape,mango - juul - nutella - grape - flavor - cookies - elfbar - sy - breeze - rm18,0.655223888,FALSE
4359,plz vote so my mans can have his mango juul pods,5,5_mango_juul_nutella_grape,mango - juul - nutella - grape - flavor - cookies - elfbar - sy - breeze - rm18,1,FALSE
4398,rt : exhale the fragrance for an ultimate treat. come and try the ageism100 #geekvp #geekvape #geekup #aegis #aegism100 https,5,5_mango_juul_nutella_grape,mango - juul - nutella - grape - flavor - cookies - elfbar - sy - breeze - rm18,1,FALSE
4401,who else can remember the gas station you were in when they told you they no longer sold mango juul pods,5,5_mango_juul_nutella_grape,mango - juul - nutella - grape - flavor - cookies - elfbar - sy - breeze - rm18,1,FALSE
4403,cranberry grape #vocano #vocanovape #disposable #7000puffs #usavape #elfbar #escobars #hyde #bang,5,5_mango_juul_nutella_grape,mango - juul - nutella - grape - flavor - cookies - elfbar - sy - breeze - rm18,1,FALSE
4428,try the grape elfbar,5,5_mango_juul_nutella_grape,mango - juul - nutella - grape - flavor - cookies - elfbar - sy - breeze - rm18,0.993864666,FALSE
4448,i would sn0rt this shit if i could man i need cheeseling flavoured nic salt for my juul,5,5_mango_juul_nutella_grape,mango - juul - nutella - grape - flavor - cookies - elfbar - sy - breeze - rm18,1,FALSE
4459,"large dunkin cold brew, cold foam, black, and rips of the juul",5,5_mango_juul_nutella_grape,mango - juul - nutella - grape - flavor - cookies - elfbar - sy - breeze - rm18,0.738887977,FALSE
4483,miami mint elfbar chaser to vodka shots,5,5_mango_juul_nutella_grape,mango - juul - nutella - grape - flavor - cookies - elfbar - sy - breeze - rm18,0.507324023,FALSE
4494,reminiscing on the days of mango juul pods like old people talk about quaaludes,5,5_mango_juul_nutella_grape,mango - juul - nutella - grape - flavor - cookies - elfbar - sy - breeze - rm18,1,FALSE
4503,elfbar sabor churrasco que tal,5,5_mango_juul_nutella_grape,mango - juul - nutella - grape - flavor - cookies - elfbar - sy - breeze - rm18,1,FALSE
4516,"scott the woz, a breakfast doused in aromat, and an elfbar what's better than this?",5,5_mango_juul_nutella_grape,mango - juul - nutella - grape - flavor - cookies - elfbar - sy - breeze - rm18,1,FALSE
4522,someone get shane a juul #thelwordgenerationq,5,5_mango_juul_nutella_grape,mango - juul - nutella - grape - flavor - cookies - elfbar - sy - breeze - rm18,0.703840213,FALSE
4532,rt : you know what i miss? vagina no mango juul pods,5,5_mango_juul_nutella_grape,mango - juul - nutella - grape - flavor - cookies - elfbar - sy - breeze - rm18,1,FALSE
4548,"o no final da noite, somos s eu e ele o elfbar strawberry ice puffs",5,5_mango_juul_nutella_grape,mango - juul - nutella - grape - flavor - cookies - elfbar - sy - breeze - rm18,0.498167391,FALSE
4561,bestie whats ur fave juul flavour and %,5,5_mango_juul_nutella_grape,mango - juul - nutella - grape - flavor - cookies - elfbar - sy - breeze - rm18,1,FALSE
4572,"i can't get mango juul pods; but, satan can advertise to children. mind boggling.",5,5_mango_juul_nutella_grape,mango - juul - nutella - grape - flavor - cookies - elfbar - sy - breeze - rm18,1,FALSE
4577,rt : what do you miss more mango juul pods or actavis?,5,5_mango_juul_nutella_grape,mango - juul - nutella - grape - flavor - cookies - elfbar - sy - breeze - rm18,1,FALSE
4581,ong best mint flavor ive had since og juul (been tryna replicate that flavor ever since they stopped doing mint in stores),5,5_mango_juul_nutella_grape,mango - juul - nutella - grape - flavor - cookies - elfbar - sy - breeze - rm18,0.702860243,FALSE
4594,another great flavor from blue cotton candy #elfbar #scvapers #vapefam #inkedvapers #vapelife #vapelikeaboss #vapeclassy #blowingclouds #noseclouds #keepitcloudy #vapewithstyle #instavape #vapestagram #vapeclassy #vapewithstyle #vapeon,5,5_mango_juul_nutella_grape,mango - juul - nutella - grape - flavor - cookies - elfbar - sy - breeze - rm18,0.970933362,FALSE
4600,"i have been cycling thru the energy flavor elfbar, candy hearts breeze pro, and grape soda breeze pro all tasty, grape soda breeze kinda makes me feel like i'm aspirating cough syrup tho if i hit it wrong idk",5,5_mango_juul_nutella_grape,mango - juul - nutella - grape - flavor - cookies - elfbar - sy - breeze - rm18,0.624627751,TRUE
4610,"rt : lol so normal things like being horny and drinking is cringe? gen z has fucking juul, weed brownies, they",5,5_mango_juul_nutella_grape,mango - juul - nutella - grape - flavor - cookies - elfbar - sy - breeze - rm18,0.517983453,FALSE
42,rt : rt and dm for u pod,10,10_ml_units_st_state,ml - units - st - state - caliburn - 110 - caliburnak2 - 1u - recap - cbb,0.549212753,FALSE
108,cliburn g2 seto setu+c % #uwell #caliburn #caliburnak2 #caliburnak2 # # #pod # # #,10,10_ml_units_st_state,ml - units - st - state - caliburn - 110 - caliburnak2 - 1u - recap - cbb,1,FALSE
270,"rt : nov - #nhl unit tb reg, +110 dal reg, we stated #gobolts on pod, and we are adding: units tb ml,",10,10_ml_units_st_state,ml - units - st - state - caliburn - 110 - caliburnak2 - 1u - recap - cbb,0.987507581,FALSE
551,cliburn a2s seto setu+c % #uwell #caliburn #caliburn#caliburn a2s# # #pod # # #,10,10_ml_units_st_state,ml - units - st - state - caliburn - 110 - caliburnak2 - 1u - recap - cbb,0.983298449,FALSE
579,-4 units on sunday record since we started: *-4* ml's and props: units pods -556 +275.5 units poms -141 +32.4 units poys -14 +27 units overall -711 +332.25 units,10,10_ml_units_st_state,ml - units - st - state - caliburn - 110 - caliburnak2 - 1u - recap - cbb,0.69321131,TRUE
618,()14 [11/22 :05] pod+pan ratelworks (rws0079) # #,10,10_ml_units_st_state,ml - units - st - state - caliburn - 110 - caliburnak2 - 1u - recap - cbb,1,FALSE
746,give me a . cal browning with duo pod . and a few lead pallets and all will be resolved . .,10,10_ml_units_st_state,ml - units - st - state - caliburn - 110 - caliburnak2 - 1u - recap - cbb,0.965255089,FALSE
762,new d&amp pod listing: cm9 legacy of blood (basic) #dnd #dtrpg #dungeonsanddragons,10,10_ml_units_st_state,ml - units - st - state - caliburn - 110 - caliburnak2 - 1u - recap - cbb,0.770741728,FALSE
785,rt : pod bama ml (-120) stars aligning with like = tailing,10,10_ml_units_st_state,ml - units - st - state - caliburn - 110 - caliburnak2 - 1u - recap - cbb,1,FALSE
972,rt : and transferably. a point i made on todays pod. theres no case for any big in any previous era to be ranked above step,10,10_ml_units_st_state,ml - units - st - state - caliburn - 110 - caliburnak2 - 1u - recap - cbb,0.876383065,FALSE
1106,/6 pod: texas pod record: -0 (0u),10,10_ml_units_st_state,ml - units - st - state - caliburn - 110 - caliburnak2 - 1u - recap - cbb,0.994019197,FALSE
1173,caliburn a2 caliburn ak2 - - id: # # # #vape # # # #pod # #,10,10_ml_units_st_state,ml - units - st - state - caliburn - 110 - caliburnak2 - 1u - recap - cbb,1,FALSE
1244,c ak2 s s+saltnic % #uwell #caliburn #caliburnak2 #caliburnak2 # # #pod # # #,10,10_ml_units_st_state,ml - units - st - state - caliburn - 110 - caliburnak2 - 1u - recap - cbb,1,FALSE
1277,another day in the green: pod u: florida state auburn ml western mich st thomas ml (comments) american +6.5 (won) depaul kent state (won by ) sacramento state +2.5 (won) csu northridge ml wild/canucks over (1st nhl play ever),10,10_ml_units_st_state,ml - units - st - state - caliburn - 110 - caliburnak2 - 1u - recap - cbb,0.598000742,FALSE
1332,rt : rt + dm for cbb pod had this one circled since last night,10,10_ml_units_st_state,ml - units - st - state - caliburn - 110 - caliburnak2 - 1u - recap - cbb,0.547762981,FALSE
1361,/13 pod fur/ nc st o155 (-110) uncg +2.5 (-110) (shits caked) zona o165,10,10_ml_units_st_state,ml - units - st - state - caliburn - 110 - caliburnak2 - 1u - recap - cbb,1,FALSE
1450,"rt : kjp7 ds2 ""ds2 bb pod"" #deathstranding2 #kjp7th",10,10_ml_units_st_state,ml - units - st - state - caliburn - 110 - caliburnak2 - 1u - recap - cbb,0.812718929,FALSE
1463,pod incarnate word +9.5 on units to win unit pod -180-1 +12.74 units,10,10_ml_units_st_state,ml - units - st - state - caliburn - 110 - caliburnak2 - 1u - recap - cbb,0.85216985,FALSE
1562,# #line6 pod go limited edition1,10,10_ml_units_st_state,ml - units - st - state - caliburn - 110 - caliburnak2 - 1u - recap - cbb,0.54730317,FALSE
1801,pod oilers ml +120 on unit to win units pod -189-1 +8.15 units,10,10_ml_units_st_state,ml - units - st - state - caliburn - 110 - caliburnak2 - 1u - recap - cbb,0.896764081,TRUE
1863,rt : rt for today's pod,10,10_ml_units_st_state,ml - units - st - state - caliburn - 110 - caliburnak2 - 1u - recap - cbb,0.53594034,FALSE
1936,/1/23 wash st (-110) u pod -0 going for -0,10,10_ml_units_st_state,ml - units - st - state - caliburn - 110 - caliburnak2 - 1u - recap - cbb,0.98593075,FALSE
1982,"rt : #operation_amanat. on -01-2023, i pod worth rs.10,000/- was secured by #rpf kakinada in tno:12738 exp, the same was hand",10,10_ml_units_st_state,ml - units - st - state - caliburn - 110 - caliburnak2 - 1u - recap - cbb,1,FALSE
2053,rt : full vip recap /4 -3 +1.12u pod wake forest +10.5 oklahoma ml nc state +5 southern illinois ml cavs shap,10,10_ml_units_st_state,ml - units - st - state - caliburn - 110 - caliburnak2 - 1u - recap - cbb,1,FALSE
2056,pod celtics on units to win unit pod -3 units,10,10_ml_units_st_state,ml - units - st - state - caliburn - 110 - caliburnak2 - 1u - recap - cbb,0.743304287,FALSE
2092,rt : vip recap /5: -4 +0.9u and % roi pod utah tt o71.5 ohio st ml drexel +7.5 liberty tt o71.5 gonzaga,10,10_ml_units_st_state,ml - units - st - state - caliburn - 110 - caliburnak2 - 1u - recap - cbb,1,FALSE
2133,rt : vip recap /6 -2-1 +2.65u pod brooklyn nets cornell yale california +9 winnipeg jets ml sebas,10,10_ml_units_st_state,ml - units - st - state - caliburn - 110 - caliburnak2 - 1u - recap - cbb,0.861221518,FALSE
2289,rt : pod: o6.5 ana/edm (-125) like = tailing responsibly jan record: -3 // l39: -6 (84.6%),10,10_ml_units_st_state,ml - units - st - state - caliburn - 110 - caliburnak2 - 1u - recap - cbb,1,FALSE
2363,rt : med kit recap -1-1 cocciaretto ml +150 davis ml norrie bencic ml (pod) kokkinakis ml,10,10_ml_units_st_state,ml - units - st - state - caliburn - 110 - caliburnak2 - 1u - recap - cbb,1,FALSE
2855,pod penn state (-110) locking this one in early. i predict a line change in favor of penn state.,10,10_ml_units_st_state,ml - units - st - state - caliburn - 110 - caliburnak2 - 1u - recap - cbb,0.541681266,FALSE
3028,rt : #betus pod u tulane h (-115) h margin differential: tulane nd (+8.5 margin home) smu rd (-6.2,10,10_ml_units_st_state,ml - units - st - state - caliburn - 110 - caliburnak2 - 1u - recap - cbb,1,FALSE
3060,rt : february nd: pod (0-1) potd (0-1) pod - jmu ml (-130)(1u) prop of the day - hunter dickinson o8.5 rebs (-127)(1u),10,10_ml_units_st_state,ml - units - st - state - caliburn - 110 - caliburnak2 - 1u - recap - cbb,0.971233601,FALSE
3063,cbb pod wash st. +7.5,10,10_ml_units_st_state,ml - units - st - state - caliburn - 110 - caliburnak2 - 1u - recap - cbb,1,FALSE
3093,question for the pod. i see a lot of high yield etf now. what is your take:,10,10_ml_units_st_state,ml - units - st - state - caliburn - 110 - caliburnak2 - 1u - recap - cbb,0.78003303,FALSE
3165,triple b pod had me searching for this again #biblebabesbants,10,10_ml_units_st_state,ml - units - st - state - caliburn - 110 - caliburnak2 - 1u - recap - cbb,0.576916263,FALSE
3362,wouldnt mind sprinkling a few of these across the course to get the word out about the #1 cre pod #trepp,10,10_ml_units_st_state,ml - units - st - state - caliburn - 110 - caliburnak2 - 1u - recap - cbb,1,FALSE
3469,killer pod (22-10) texas tech +4 (+2u) &amp; norfolk state (+2u) others i like: west virginia +7 (+1u) &amp; miami +5.5 (+1u),10,10_ml_units_st_state,ml - units - st - state - caliburn - 110 - caliburnak2 - 1u - recap - cbb,1,FALSE
3500,rt : cbb pod play u pod akron tt o77.5 (-103) powered by: akron topped points out the la,10,10_ml_units_st_state,ml - units - st - state - caliburn - 110 - caliburnak2 - 1u - recap - cbb,0.921017531,FALSE
3556,rt : line6 pod hd500hisashi,10,10_ml_units_st_state,ml - units - st - state - caliburn - 110 - caliburnak2 - 1u - recap - cbb,0.595570211,FALSE
3560,pod /14 cbb- ccsu pod record: -2,10,10_ml_units_st_state,ml - units - st - state - caliburn - 110 - caliburnak2 - 1u - recap - cbb,0.584806934,FALSE
3664,%offanker powerport iii -port w pod (+) usb-c x + usb-a x usb-c pd w,10,10_ml_units_st_state,ml - units - st - state - caliburn - 110 - caliburnak2 - 1u - recap - cbb,0.673553191,FALSE
3743,"rt : pod collab w/ tcu ml (-130) u tcu is a different squad w/ miles and lampkin on the floor, a",10,10_ml_units_st_state,ml - units - st - state - caliburn - 110 - caliburnak2 - 1u - recap - cbb,0.880069607,FALSE
3779,rt : pod collab w/ (2-0) virginia tech ml (-140) u virginia tech is a different breed at home. we played i,10,10_ml_units_st_state,ml - units - st - state - caliburn - 110 - caliburnak2 - 1u - recap - cbb,0.774367335,FALSE
3790,pod /21/23 pod: canes current record -4,10,10_ml_units_st_state,ml - units - st - state - caliburn - 110 - caliburnak2 - 1u - recap - cbb,0.707405938,FALSE
3864,rt : pod #1 nicholls state - new orleans o154.5 $1000 bol &amp; lfg,10,10_ml_units_st_state,ml - units - st - state - caliburn - 110 - caliburnak2 - 1u - recap - cbb,1,FALSE
3956,"-25 recap blue jackets ml capitals ml blues ml stars ml (pod) blackhawks ml tb v det o6 bos v van u6.5 a. beauviller o2.5 sogs m. hoffman o2.5 sogs n. mackinnon o4.5 sogs the fantastic parlay -4, +4.73u what a saturday!!",10,10_ml_units_st_state,ml - units - st - state - caliburn - 110 - caliburnak2 - 1u - recap - cbb,0.555048428,TRUE
4064,rt : ncaab pod u boise st u boise st ml stetson +1.5 eastern michigan +3.5 texas st,10,10_ml_units_st_state,ml - units - st - state - caliburn - 110 - caliburnak2 - 1u - recap - cbb,1,FALSE
4181,rt : cbb citadel +7.5 u pod they keep it close this time. -1 l12 free pods (92%) rts get my other,10,10_ml_units_st_state,ml - units - st - state - caliburn - 110 - caliburnak2 - 1u - recap - cbb,0.752238542,FALSE
4241,"rt : . post pod ft. , &amp; atb returns maatsen conundrum sterling &amp;",10,10_ml_units_st_state,ml - units - st - state - caliburn - 110 - caliburnak2 - 1u - recap - cbb,0.551085976,FALSE
4414,rt : #caliburnak3 meet this e-liquid injection guide that we hope will be helpful to you. #uwell #uwelltech #caliburna #vapedai,10,10_ml_units_st_state,ml - units - st - state - caliburn - 110 - caliburnak2 - 1u - recap - cbb,0.857199202,FALSE
4502,"rt : juul &amp; ledger missed a collab opp. same target market, similar hardware size. call it multi-cig",10,10_ml_units_st_state,ml - units - st - state - caliburn - 110 - caliburnak2 - 1u - recap - cbb,1,FALSE
76,mighty portable vaporizer by storz &amp; bickel - #vapes #bongs #rigs #smokers #cannabis,11,11_vaporizer_vape_disposable_disposablevape,vaporizer - vape - disposable - disposablevape - ecig - nicotine - device - vapes - warning - use,1,FALSE
157,vapengin mercury puffs tpd available #vapengin #vapenginmercury #disposablevape #600puff #disposablevapepen #vapefactory #vaporizador #podsdesechables #elektroniksigara,11,11_vaporizer_vape_disposable_disposablevape,vaporizer - vape - disposable - disposablevape - ecig - nicotine - device - vapes - warning - use,0.458571718,FALSE
163,"hey friend, wanna try below milk tea cup disposable vape? i love it sooo much cuz it's sooo cute, and tastes really good~ factory direct resource mass production competitive price #vape #ecig #vapewholesale #vapedistributor #vaporeon #vape #ukvape #vapeusa #vapor",11,11_vaporizer_vape_disposable_disposablevape,vaporizer - vape - disposable - disposablevape - ecig - nicotine - device - vapes - warning - use,0.276684383,FALSE
317,what to look for in vape pens for sale? #vape #vapelife #vapepen #cbdhealth #cbdt #weedrepublic #weedlife,11,11_vaporizer_vape_disposable_disposablevape,vaporizer - vape - disposable - disposablevape - ecig - nicotine - device - vapes - warning - use,0.519861268,FALSE
354,rt : introducing ooze fusion vaporizer kit the ooze fusion vaporizer kit perfectly fuses together the capabilities of a,11,11_vaporizer_vape_disposable_disposablevape,vaporizer - vape - disposable - disposablevape - ecig - nicotine - device - vapes - warning - use,0.577940023,FALSE
475,"plus, i use a dry herb vaporizer, so it only gets to c anyway. takes the guesswork out of it, and doesn't ignite the plant matter, so all i get is the cannabinoids.",11,11_vaporizer_vape_disposable_disposablevape,vaporizer - vape - disposable - disposablevape - ecig - nicotine - device - vapes - warning - use,0.98047459,FALSE
603,big deals! nv-c-cell ceramic tip vaporizer glass cartridge refillable count verified vapes only at $295.00 on hurry. #glass #silicon,11,11_vaporizer_vape_disposable_disposablevape,vaporizer - vape - disposable - disposablevape - ecig - nicotine - device - vapes - warning - use,0.590808728,FALSE
617,bounce turbo drum box puffs website: /16/1 nguyn ngc lc-p14- q10 /39b1 l vn s - p13- q3 hotline : ( zalo ) #tinhdauvape #vapeshopquan3 #vapeshopquan10 #vape #vapeshoptphcm #vapepodgiare #vapers #pod,11,11_vaporizer_vape_disposable_disposablevape,vaporizer - vape - disposable - disposablevape - ecig - nicotine - device - vapes - warning - use,0.42389517,FALSE
799,disposable vape factory more than flavors for you to choose from. #vape #vapes #vapepen #vapedisposable #disposablevape #vapepod #podmod #vapingcommunity #vapejuice #smoke #smoking #disposablepod #vapedisposable #odm #oem #vapeshop #vapewholesale #vapefactory #factory,11,11_vaporizer_vape_disposable_disposablevape,vaporizer - vape - disposable - disposablevape - ecig - nicotine - device - vapes - warning - use,0.310367083,FALSE
880,electronic cigarette vending machines - another industry that is on the rise! #vape #vapes #vapevendingmachine #ecigarette,11,11_vaporizer_vape_disposable_disposablevape,vaporizer - vape - disposable - disposablevape - ecig - nicotine - device - vapes - warning - use,0.527500266,FALSE
996,you don't have to sacrifice performance for portability - get both from the tiniest e-rig qomo and compact vaporizer v3pro. . . . #xmax #xmaxtopgreen #topgreen #xmaxvaporizer #xmaxv3pro #xmaxqomo #stoned #minierig #erig #cannabidiol #cannabis #wax #stoners #stoneart,11,11_vaporizer_vape_disposable_disposablevape,vaporizer - vape - disposable - disposablevape - ecig - nicotine - device - vapes - warning - use,0.381796047,FALSE
1020,vaporizer maichard forever #boycottmzetxaptxgma634,11,11_vaporizer_vape_disposable_disposablevape,vaporizer - vape - disposable - disposablevape - ecig - nicotine - device - vapes - warning - use,1,FALSE
1248,hqd refillable pod device refill cartridges for continuous use whatsapp:+86 #hqd #hqdvape #disposablevape #ecigarette #poddevice #refillablevape,11,11_vaporizer_vape_disposable_disposablevape,vaporizer - vape - disposable - disposablevape - ecig - nicotine - device - vapes - warning - use,0.474856297,FALSE
1283,"rt : #edibles #cbdoil #cannabiscommunity davinci iqc vaporizer highlighting clean first technology, temperature control, app",11,11_vaporizer_vape_disposable_disposablevape,vaporizer - vape - disposable - disposablevape - ecig - nicotine - device - vapes - warning - use,0.820489633,FALSE
1291,reflective vaporizer makes you thrashed,11,11_vaporizer_vape_disposable_disposablevape,vaporizer - vape - disposable - disposablevape - ecig - nicotine - device - vapes - warning - use,0.380350965,FALSE
1339,. offer xtras! leiqidudu original stick dry herb vaporizer heating vaporizer ecig for refill cartridges e cigarette heating tobacco for # #heatsticks,11,11_vaporizer_vape_disposable_disposablevape,vaporizer - vape - disposable - disposablevape - ecig - nicotine - device - vapes - warning - use,0.737175257,FALSE
1730,"i guess , i can help you with a vaporizer or two",11,11_vaporizer_vape_disposable_disposablevape,vaporizer - vape - disposable - disposablevape - ecig - nicotine - device - vapes - warning - use,1,FALSE
1859,wolfteeth vapor case hard shell vaporizer holster vapor pouches supplies organized accessories vape bag fits coils tank holde jsbhg0n,11,11_vaporizer_vape_disposable_disposablevape,vaporizer - vape - disposable - disposablevape - ecig - nicotine - device - vapes - warning - use,0.547378115,FALSE
1878,"being portable to hold and light to carry, this pacha mama disposable vape device looks as easy to look as it is to use by starter, casual and experienced vapers alike. #clearance #disposablevape #vape #vapeuk #vaping #vapinguk #fruitflavours #vapefam #vapelife #vapepen",11,11_vaporizer_vape_disposable_disposablevape,vaporizer - vape - disposable - disposablevape - ecig - nicotine - device - vapes - warning - use,0.431154585,FALSE
1934,rt : bazoka pro portable vaporizer in iecigbestchill spice cbd,11,11_vaporizer_vape_disposable_disposablevape,vaporizer - vape - disposable - disposablevape - ecig - nicotine - device - vapes - warning - use,0.815718816,FALSE
1977,join the follow-back * grow your page * chance to win a free water vaporizer ad your page/link on the webpage -,11,11_vaporizer_vape_disposable_disposablevape,vaporizer - vape - disposable - disposablevape - ecig - nicotine - device - vapes - warning - use,0.449065844,FALSE
1992,chillax % disposable vape - boxes warning: these products contain nicotine. no sales to under yrs old. #vapehooligans #vapesociety #vapefamily #vapefriends #vapor #instavape #eliquid #ejuice #ecig #vapestore #vapes #vaporizer,11,11_vaporizer_vape_disposable_disposablevape,vaporizer - vape - disposable - disposablevape - ecig - nicotine - device - vapes - warning - use,0.310684369,TRUE
2030,the lost mary qm600 disposable vape pod. - - #vapepotions #vape #eliquid #ecig #ejuice #disposable #disposablevape #disposablepod #elfbar #lostmary #lostmaryqm600,11,11_vaporizer_vape_disposable_disposablevape,vaporizer - vape - disposable - disposablevape - ecig - nicotine - device - vapes - warning - use,0.317638242,TRUE
2033,new year | new device why not try the xeo void vaporizer? shop now: or click the link in our bio!,11,11_vaporizer_vape_disposable_disposablevape,vaporizer - vape - disposable - disposablevape - ecig - nicotine - device - vapes - warning - use,1,FALSE
2269,recommendations for the best dry herb vaporizer? what do you guys think is the best?,11,11_vaporizer_vape_disposable_disposablevape,vaporizer - vape - disposable - disposablevape - ecig - nicotine - device - vapes - warning - use,1,FALSE
2294,uwell crown m pod mod kit alternation working mode innovative twin-coil design two parts of the coil can work separately photo by sourcemore warning: the device is used with e-liquid which contains addictive chemical nicotine. for adult use only. #sourcemore,11,11_vaporizer_vape_disposable_disposablevape,vaporizer - vape - disposable - disposablevape - ecig - nicotine - device - vapes - warning - use,0.444983843,FALSE
2342,"rt : cari disposable, ambil waka flavours puffs disposable pod #wakamy2022 #waka1800puffs #waka17flavors https://",11,11_vaporizer_vape_disposable_disposablevape,vaporizer - vape - disposable - disposablevape - ecig - nicotine - device - vapes - warning - use,0.272988307,FALSE
2361,water vaporizer giveaway - to the follower with the most january engagements from a mention,11,11_vaporizer_vape_disposable_disposablevape,vaporizer - vape - disposable - disposablevape - ecig - nicotine - device - vapes - warning - use,0.593376694,FALSE
2471,"variety is our thunder vaporizer can easily go from a cartridge vape to a pocket dab rig with the right accessories! get wax tanks and carts now on our site! #tokinarokin las vegas, nevada",11,11_vaporizer_vape_disposable_disposablevape,vaporizer - vape - disposable - disposablevape - ecig - nicotine - device - vapes - warning - use,1,FALSE
2511,i hope they legalize weed soon i might buy me a vaporizer then,11,11_vaporizer_vape_disposable_disposablevape,vaporizer - vape - disposable - disposablevape - ecig - nicotine - device - vapes - warning - use,1,FALSE
2642,"#edibles #cbdoil #cannabiscommunity the davinci miqro vaporizer is a small, sleek and sophisticated loose leaf vaporizer crafted to fit your lifestyle. we have packed all of the flavor, quality and precision. that davinci is known for #cbd #cannabis #hemp",11,11_vaporizer_vape_disposable_disposablevape,vaporizer - vape - disposable - disposablevape - ecig - nicotine - device - vapes - warning - use,1,FALSE
2818,the vaporizer really helped me. probably antibiotics too.,11,11_vaporizer_vape_disposable_disposablevape,vaporizer - vape - disposable - disposablevape - ecig - nicotine - device - vapes - warning - use,0.623764294,FALSE
2948,"rt : hbar, healthy vaping lifstyle ##hqd#ecig#ecig wholesale#vape manufactuer#vape factory#vapedistributor",11,11_vaporizer_vape_disposable_disposablevape,vaporizer - vape - disposable - disposablevape - ecig - nicotine - device - vapes - warning - use,0.519861268,FALSE
2993,rt : get the convenience of disposable vapes with the quality you deserve. . . #vozol #ecig #vaping,11,11_vaporizer_vape_disposable_disposablevape,vaporizer - vape - disposable - disposablevape - ecig - nicotine - device - vapes - warning - use,0.496602408,FALSE
3117,a grapefruit-flavored dtl disposable vape pod how do you like it welcome to consult #dtldisposablevape #dtlpod #dtlvape #grapefruit,11,11_vaporizer_vape_disposable_disposablevape,vaporizer - vape - disposable - disposablevape - ecig - nicotine - device - vapes - warning - use,0.344827906,FALSE
3182,"professional home use machine with oil free piston motor for adults, kids and seniors, compact personal vaporizer with all ne ek0cbrc",11,11_vaporizer_vape_disposable_disposablevape,vaporizer - vape - disposable - disposablevape - ecig - nicotine - device - vapes - warning - use,0.740654028,FALSE
3223,dmt available in vaporizer you can smoke anywhere,11,11_vaporizer_vape_disposable_disposablevape,vaporizer - vape - disposable - disposablevape - ecig - nicotine - device - vapes - warning - use,0.872811374,FALSE
3370,"trending disposable vape released! ml e-liquid coupled with a mesh coil. pm for more. #vape #ecigarette #ecig #disposablevape #vapedevice #vapekit #fmcg #oem #branding warning: this product contains nicotine, nicotine is an addictive chemical. not for sale to minors.",11,11_vaporizer_vape_disposable_disposablevape,vaporizer - vape - disposable - disposablevape - ecig - nicotine - device - vapes - warning - use,0.503810611,TRUE
3433,"hello!~ if you can order a small nebulizer, i bought one called mesh on ebay for $20, for my allergies~ then you put some purified water in it, along with a half tsp. of salt, then add a half tsp. of hydrogen peroxide~ you can also put this in a vaporizer~ bless you~",11,11_vaporizer_vape_disposable_disposablevape,vaporizer - vape - disposable - disposablevape - ecig - nicotine - device - vapes - warning - use,0.878331653,FALSE
3474,"find the common breathing with your couple! use the code ""valentine"" % off sitewide orders buy or more pieces of dab pen kits, get coil kits for free feb -15th #releafy #valentines #vaporizer #dabpen #dabbing #enail #cannabiscommunity #dabstraw #releafylilith",11,11_vaporizer_vape_disposable_disposablevape,vaporizer - vape - disposable - disposablevape - ecig - nicotine - device - vapes - warning - use,0.284172572,FALSE
3552,ciggo lock/unlock design ml tpd approved no leakage at all years shelf life more details please contact what's app+86 #ciggo #ciggotech #ecigarette #ecig #vape #smoke #tobacco #nicotine #vapelife,11,11_vaporizer_vape_disposable_disposablevape,vaporizer - vape - disposable - disposablevape - ecig - nicotine - device - vapes - warning - use,0.342576014,FALSE
3589,"better way to enjoy the cartridge and wax, enjoy the wonderful time with your friends #vape #vaporizers #vaping #erig #cannabis #smokeshop #vaporizer #wax #waxpen #hatovape #hatovapeofficial #erig #dabrig #waxvaporizer #waxvape #vaporizer",11,11_vaporizer_vape_disposable_disposablevape,vaporizer - vape - disposable - disposablevape - ecig - nicotine - device - vapes - warning - use,0.318080907,FALSE
3876,"and dryer vaporizer companies please please please please please please start making a higher quality vaporizer that has been well studied by experience vape freaks like me, because i have the idea for the perfect vape that's cleanable with a -year guarantee",11,11_vaporizer_vape_disposable_disposablevape,vaporizer - vape - disposable - disposablevape - ecig - nicotine - device - vapes - warning - use,1,FALSE
3991,"also, kick-holes are easier if you use a dry herb vaporizer with a water adapter, in my opinion",11,11_vaporizer_vape_disposable_disposablevape,vaporizer - vape - disposable - disposablevape - ecig - nicotine - device - vapes - warning - use,1,FALSE
4020,rt : chill spice cbd the udip dab pen vaporizer hhcp %blueberry og ml cbn40%r,11,11_vaporizer_vape_disposable_disposablevape,vaporizer - vape - disposable - disposablevape - ecig - nicotine - device - vapes - warning - use,0.574430414,FALSE
4128,"i need someone to talk me out of hittin this vaporizer, watching sailor moon and putting on a new set",11,11_vaporizer_vape_disposable_disposablevape,vaporizer - vape - disposable - disposablevape - ecig - nicotine - device - vapes - warning - use,1,FALSE
4197,"rt : fit-tested respirators (with a bag &amp; a bitrex vaporizer), with some exciting &amp; some disappointing results: first, the",11,11_vaporizer_vape_disposable_disposablevape,vaporizer - vape - disposable - disposablevape - ecig - nicotine - device - vapes - warning - use,0.458265054,FALSE
4279,vgod pod k disposable vape pod device - pk warning: these products contain nicotine. no sales to under yrs old. #vapecommunity #vapeon #vapefam #vapelyfe #vapestagram #vapedaily #vapetricks #vaper #vapers #vapelove #vapeshop #vapepics,11,11_vaporizer_vape_disposable_disposablevape,vaporizer - vape - disposable - disposablevape - ecig - nicotine - device - vapes - warning - use,0.260087778,FALSE
4497,paris saint-germain announces partnership with leading vaping brand geekvape #prnewswire #prnewswire,11,11_vaporizer_vape_disposable_disposablevape,vaporizer - vape - disposable - disposablevape - ecig - nicotine - device - vapes - warning - use,0.358723586,FALSE
4505,veeba mg disposable by iqos fully recyclable! or for veeba20 for % off in january - for #ultimatejuice #ultimate #eliquiduk #ejuice #premiumliquid #lostmary #rockstarvape #iqos #veeba #disposablevape #elfbar #recyclable,11,11_vaporizer_vape_disposable_disposablevape,vaporizer - vape - disposable - disposablevape - ecig - nicotine - device - vapes - warning - use,0.297204999,FALSE
4599,giveaway time geekvape z200 kit terms &amp; conditions stand a chance to win good luck! warning: the device is used with e-liquid which contains addictive chemical nicotine. for adult use only. #sourcemore #geekvape #z200kit #vape,11,11_vaporizer_vape_disposable_disposablevape,vaporizer - vape - disposable - disposablevape - ecig - nicotine - device - vapes - warning - use,0.366045486,FALSE
473,rt : ojal la gente deje ya ese pod de mierda y el cigarrillo asqueroso,21,21_nicotine_smoking_juul_smoke,nicotine - smoking - juul - smoke - mg - cigarrillo - fumar - cigarettes - vape - smokers,0.610076388,FALSE
559,"rt : no doctors recommend smoking #cannabis for medical use (dry herb vaporizer safer...), but cannabis smokers 'demonstrat",21,21_nicotine_smoking_juul_smoke,nicotine - smoking - juul - smoke - mg - cigarrillo - fumar - cigarettes - vape - smokers,0.611948564,FALSE
710,rt : vaping linked to increased risk of tooth cavities #ecigarette #ecigarettes #vaping #teeth #dental,21,21_nicotine_smoking_juul_smoke,nicotine - smoking - juul - smoke - mg - cigarrillo - fumar - cigarettes - vape - smokers,0.287921276,FALSE
808,rt : being an aseul stan these days is like i have a terrible nicotine addiction except i get either the juul or the pod and on,21,21_nicotine_smoking_juul_smoke,nicotine - smoking - juul - smoke - mg - cigarrillo - fumar - cigarettes - vape - smokers,0.613804417,FALSE
882,"voopoo argus p1 pod kit you'll experience a mouth-to-lung style vape with this device, which means you inhale similarly to that of cigarette, making this kit a great option for smokers looking to make the switch and beginners. + only",21,21_nicotine_smoking_juul_smoke,nicotine - smoking - juul - smoke - mg - cigarrillo - fumar - cigarettes - vape - smokers,0.286055162,FALSE
1051,"rt : extradicin de narcotraficantes. pura pantalla de humo, lo que en realidad se quiere es que el #lawfare sea legal y pod",21,21_nicotine_smoking_juul_smoke,nicotine - smoking - juul - smoke - mg - cigarrillo - fumar - cigarettes - vape - smokers,0.556228442,FALSE
1534,rt : sdd de morrer fumando pod naquele if,21,21_nicotine_smoking_juul_smoke,nicotine - smoking - juul - smoke - mg - cigarrillo - fumar - cigarettes - vape - smokers,1,FALSE
1578,rt : youth smoking and nicotine use have both dropped significantly in the ecig era. looks like is more conce,21,21_nicotine_smoking_juul_smoke,nicotine - smoking - juul - smoke - mg - cigarrillo - fumar - cigarettes - vape - smokers,0.707361668,FALSE
1609,rt : me est costando muchsimo dejar de fumar pod pero lo estoy haciendo por mi salud. dejen de fumar esa porquera. todo es c,21,21_nicotine_smoking_juul_smoke,nicotine - smoking - juul - smoke - mg - cigarrillo - fumar - cigarettes - vape - smokers,1,FALSE
1611,"rt : maradona dijo que scaloni al nico mundial que poda ir era al de motociclismo,menos mal que ahora gracias a scaloni pod",21,21_nicotine_smoking_juul_smoke,nicotine - smoking - juul - smoke - mg - cigarrillo - fumar - cigarettes - vape - smokers,0.959221928,FALSE
1684,"rt : when prohibited 'flavored' pod-based nicotine vapes, % of adult vapers relapsed to smoking deadly combus",21,21_nicotine_smoking_juul_smoke,nicotine - smoking - juul - smoke - mg - cigarrillo - fumar - cigarettes - vape - smokers,0.48652171,FALSE
1852,"pod, cigarrillo andejara como pueden gastar tanto en eso? yo gasto en chicle, pero en pod o cigarrillo jamas jajsjaajjsja",21,21_nicotine_smoking_juul_smoke,nicotine - smoking - juul - smoke - mg - cigarrillo - fumar - cigarettes - vape - smokers,1,FALSE
1881,"rt : many #ecig emissions have cancer potencies within an order of magnitude of a nicotine inhaler, a product generally regard",21,21_nicotine_smoking_juul_smoke,nicotine - smoking - juul - smoke - mg - cigarrillo - fumar - cigarettes - vape - smokers,0.722052171,FALSE
1935,lula para de fumar pod!!!!!!!!!,21,21_nicotine_smoking_juul_smoke,nicotine - smoking - juul - smoke - mg - cigarrillo - fumar - cigarettes - vape - smokers,1,FALSE
2262,atualmente s fumo pod socialmente blz,21,21_nicotine_smoking_juul_smoke,nicotine - smoking - juul - smoke - mg - cigarrillo - fumar - cigarettes - vape - smokers,0.795245499,FALSE
2331,"so glad and have leaned into becoming a gambling pod, speith is on fire.",21,21_nicotine_smoking_juul_smoke,nicotine - smoking - juul - smoke - mg - cigarrillo - fumar - cigarettes - vape - smokers,0.279215999,FALSE
2395,"rt : memang tujuan vape and pod ni nak decriminalising nicotine. the original cig ni dah ada bad reputation, so they shifted",21,21_nicotine_smoking_juul_smoke,nicotine - smoking - juul - smoke - mg - cigarrillo - fumar - cigarettes - vape - smokers,0.583639907,FALSE
2660,tinha que ser playboy fumadores de pod,21,21_nicotine_smoking_juul_smoke,nicotine - smoking - juul - smoke - mg - cigarrillo - fumar - cigarettes - vape - smokers,0.36356675,FALSE
2934,"pod de rico, cigarro de pobre",21,21_nicotine_smoking_juul_smoke,nicotine - smoking - juul - smoke - mg - cigarrillo - fumar - cigarettes - vape - smokers,0.966132685,FALSE
2939,no fumen pod es adictivo,21,21_nicotine_smoking_juul_smoke,nicotine - smoking - juul - smoke - mg - cigarrillo - fumar - cigarettes - vape - smokers,1,FALSE
3137,whenever i quit vaping. i hit my last pod until it dry hit intentionally. i then vowed to not go to the stores that i would usually buy my vapes from. my mindset was that if i didnt have a chance to buy them then i wouldnt. after the first month i felt a lot better on quitting.,21,21_nicotine_smoking_juul_smoke,nicotine - smoking - juul - smoke - mg - cigarrillo - fumar - cigarettes - vape - smokers,0.297522634,FALSE
3598,dejen de usar pod es una nueva droga,21,21_nicotine_smoking_juul_smoke,nicotine - smoking - juul - smoke - mg - cigarrillo - fumar - cigarettes - vape - smokers,0.650357382,FALSE
3760,expulso por uso ilegal de pod(cigarro descartvel),21,21_nicotine_smoking_juul_smoke,nicotine - smoking - juul - smoke - mg - cigarrillo - fumar - cigarettes - vape - smokers,1,FALSE
3810,is there a definition of what constitutes a ecig / vape. if the vape is for plant matter (herbs) and not liquid nicotine is it still illegal to import? asking for a friend,21,21_nicotine_smoking_juul_smoke,nicotine - smoking - juul - smoke - mg - cigarrillo - fumar - cigarettes - vape - smokers,0.305275245,FALSE
4380,rt : call me old fashioned but men should smoke real cigarettes. humphrey bogart would have never hit a juul and neither sho,21,21_nicotine_smoking_juul_smoke,nicotine - smoking - juul - smoke - mg - cigarrillo - fumar - cigarettes - vape - smokers,1,FALSE
4387,billion dollar idea: loosies but for nicotine vapes. pay a quarter at your local bodega for two rips off the juul,21,21_nicotine_smoking_juul_smoke,nicotine - smoking - juul - smoke - mg - cigarrillo - fumar - cigarettes - vape - smokers,0.509835049,FALSE
4402,"one thing i hate abt smoking as a former vaper is i will be mid marlboro red and suddenly despise it, instead craving the sweet juicy nectar of a fresh elfbar",21,21_nicotine_smoking_juul_smoke,nicotine - smoking - juul - smoke - mg - cigarrillo - fumar - cigarettes - vape - smokers,0.971098674,FALSE
4406,"i bought the vape, an elfbar blue mint and its an interesting thing for sure. i dont really want to smoke nicotine so i ordered a zero free nicotine one",21,21_nicotine_smoking_juul_smoke,nicotine - smoking - juul - smoke - mg - cigarrillo - fumar - cigarettes - vape - smokers,0.344109094,TRUE
4427,rt : i wish these nanny state assholes would let us have flavored juul pods again. every time i go buy the normal tobacco flavo,21,21_nicotine_smoking_juul_smoke,nicotine - smoking - juul - smoke - mg - cigarrillo - fumar - cigarettes - vape - smokers,0.479413463,FALSE
4434,"sueing juul, yes super cool because its a shit company who packs giant amounts of salt nicotine into pods. punishing people use a mod and picks their own juice/trusts small companys that are now fda complaint offering low nicotine (6mg/3mg/0mg) as an alternative. thats bad.",21,21_nicotine_smoking_juul_smoke,nicotine - smoking - juul - smoke - mg - cigarrillo - fumar - cigarettes - vape - smokers,0.352324277,TRUE
4436,"like they no how absurd it would be for a teen to smoke an actual cigarette and not a juul today, but also know a juul doesnt read as rebellious enough so they swapped it for a joint lol",21,21_nicotine_smoking_juul_smoke,nicotine - smoking - juul - smoke - mg - cigarrillo - fumar - cigarettes - vape - smokers,0.62401569,FALSE
4444,"losing my shit at jj offering pope weed and then proceeding to hand him what is, very obviously from all angles, a juul. yes ik you can get pods with marijuana but now that i smoke regularly i have to ask who is wasting their time making pot juul pods",21,21_nicotine_smoking_juul_smoke,nicotine - smoking - juul - smoke - mg - cigarrillo - fumar - cigarettes - vape - smokers,0.651353433,FALSE
4472,little teaser for all my smoking lovers..i seem to have a lot of those lol smokingfetish vape hot milf smoke elfbar,21,21_nicotine_smoking_juul_smoke,nicotine - smoking - juul - smoke - mg - cigarrillo - fumar - cigarettes - vape - smokers,1,FALSE
4477,rt : when the function doesnt have any beer or weed or juul pods or ketamine or cigarettes or hamburgers or cool dogs or rare,21,21_nicotine_smoking_juul_smoke,nicotine - smoking - juul - smoke - mg - cigarrillo - fumar - cigarettes - vape - smokers,0.682310275,FALSE
4490,"i believe this was to allow juul into the market with their %, which was mg/ml. in two years canada wanted to drop the max to mg/ml. think of how that would effect a mg/ml user. buy over two times the amount of product attempting to match that mg/ml. converting smokers",21,21_nicotine_smoking_juul_smoke,nicotine - smoking - juul - smoke - mg - cigarrillo - fumar - cigarettes - vape - smokers,0.278964429,TRUE
4500,i quit hitting the juul months ago and i still get daily cravings. quitting cigs was easy in comparison,21,21_nicotine_smoking_juul_smoke,nicotine - smoking - juul - smoke - mg - cigarrillo - fumar - cigarettes - vape - smokers,0.462893516,FALSE
4519,i smoke the juul and they are too damn expensive!!,21,21_nicotine_smoking_juul_smoke,nicotine - smoking - juul - smoke - mg - cigarrillo - fumar - cigarettes - vape - smokers,1,FALSE
4523,"juul became an epidemic among teenagers because they are potent and easy to hide, and they ruined it for adults who actually wanted to use it to quit smoking lol",21,21_nicotine_smoking_juul_smoke,nicotine - smoking - juul - smoke - mg - cigarrillo - fumar - cigarettes - vape - smokers,0.362028175,FALSE
4534,rt : a cigarettes is like an elfbar but for adults,21,21_nicotine_smoking_juul_smoke,nicotine - smoking - juul - smoke - mg - cigarrillo - fumar - cigarettes - vape - smokers,1,FALSE
4363,juul to lay off people,22,22_juul_lawsuits_billion_altria,juul - lawsuits - billion - altria - company - vaping - cigarette - labs - settlement - stake,0.189029107,FALSE
4364,rt : juul is cutting hundreds of jobs as the vaping company weathers lawsuits and government bans. https:,22,22_juul_lawsuits_billion_altria,juul - lawsuits - billion - altria - company - vaping - cigarette - labs - settlement - stake,0.208398242,FALSE
4365,vaping company juul cuts jobs amid growing setbacks,22,22_juul_lawsuits_billion_altria,juul - lawsuits - billion - altria - company - vaping - cigarette - labs - settlement - stake,0.196798189,FALSE
4366,juul slashes jobs as embattled vaping company faces growing setbacks $mo everything you should now,22,22_juul_lawsuits_billion_altria,juul - lawsuits - billion - altria - company - vaping - cigarette - labs - settlement - stake,0.176318153,FALSE
4367,"embattled vaping company juul labs announced hundreds of layoffs as the company weathers lawsuits, government bans and increasing competition for its electronic cigarettes.",22,22_juul_lawsuits_billion_altria,juul - lawsuits - billion - altria - company - vaping - cigarette - labs - settlement - stake,0.207272845,FALSE
4370,"juul reaches financing deal, plans to cut % of jobs to dodge bankruptcy",22,22_juul_lawsuits_billion_altria,juul - lawsuits - billion - altria - company - vaping - cigarette - labs - settlement - stake,0.241851672,FALSE
4372,"rt : juul to avoid bankruptcy, laying off hundreds of workers",22,22_juul_lawsuits_billion_altria,juul - lawsuits - billion - altria - company - vaping - cigarette - labs - settlement - stake,0.197177894,FALSE
4377,juul slashes jobs as embattled vaping company faces growing setbacks,22,22_juul_lawsuits_billion_altria,juul - lawsuits - billion - altria - company - vaping - cigarette - labs - settlement - stake,0.218416682,FALSE
4418,rt : juul labs announced tuesday that it has reached a settlement on more than cases involving about plaintiffs. https:/,22,22_juul_lawsuits_billion_altria,juul - lawsuits - billion - altria - company - vaping - cigarette - labs - settlement - stake,0.579482619,FALSE
4419,rt : juul reached a settlement covering more than lawsuits that accused the e-cigarette company of marketing to children and teen,22,22_juul_lawsuits_billion_altria,juul - lawsuits - billion - altria - company - vaping - cigarette - labs - settlement - stake,0.627567284,TRUE
4420,"juul settles over vaping lawsuits, settlement notdisclosed",22,22_juul_lawsuits_billion_altria,juul - lawsuits - billion - altria - company - vaping - cigarette - labs - settlement - stake,1,FALSE
4421,e-cigarette manufacturer juul labs agrees thousands of us settlements,22,22_juul_lawsuits_billion_altria,juul - lawsuits - billion - altria - company - vaping - cigarette - labs - settlement - stake,0.362595539,FALSE
4422,juul labs has reached settlements covering more than cases brought by about plaintiffs related to its vaping products.,22,22_juul_lawsuits_billion_altria,juul - lawsuits - billion - altria - company - vaping - cigarette - labs - settlement - stake,0.817908529,FALSE
4423,rt : juul labs has reached settlements covering more than cases brought by about plaintiffs over the e-cigarette co,22,22_juul_lawsuits_billion_altria,juul - lawsuits - billion - altria - company - vaping - cigarette - labs - settlement - stake,1,FALSE
4424,juul settles more than lawsuits for undisclosed amount,22,22_juul_lawsuits_billion_altria,juul - lawsuits - billion - altria - company - vaping - cigarette - labs - settlement - stake,0.97464064,FALSE
4425,juul settles more than lawsuits for undisclosedamount,22,22_juul_lawsuits_billion_altria,juul - lawsuits - billion - altria - company - vaping - cigarette - labs - settlement - stake,1,FALSE
4430,juul to pay $1.2 billion in youth-vaping settlement,22,22_juul_lawsuits_billion_altria,juul - lawsuits - billion - altria - company - vaping - cigarette - labs - settlement - stake,1,FALSE
4431,rt : e-cigarette maker juul settles more than lawsuits for $1.2 billion,22,22_juul_lawsuits_billion_altria,juul - lawsuits - billion - altria - company - vaping - cigarette - labs - settlement - stake,1,TRUE
4432,e-cigarette maker juul settles more than lawsuits for $1.2 billion,22,22_juul_lawsuits_billion_altria,juul - lawsuits - billion - altria - company - vaping - cigarette - labs - settlement - stake,0.454411432,TRUE
4433,breaking: juul agreed to pay $1.7 billion to settle more than lawsuits that accused it of marketing to children and teens credit: wsj,22,22_juul_lawsuits_billion_altria,juul - lawsuits - billion - altria - company - vaping - cigarette - labs - settlement - stake,0.837366152,FALSE
4435,"""vaping settlement by juul is said to total $1.7 billion"" by by christina jewett via nyt",22,22_juul_lawsuits_billion_altria,juul - lawsuits - billion - altria - company - vaping - cigarette - labs - settlement - stake,1,FALSE
4439,"rt : juul reportedly settled lawsuits for $1.7 billion, the largest amount reported so far in the deals the company has mad",22,22_juul_lawsuits_billion_altria,juul - lawsuits - billion - altria - company - vaping - cigarette - labs - settlement - stake,1,FALSE
4440,"rt : vape company juul coughs up $us1.2billion to settle ~10,000 youth-vaping suits. might the lnp",22,22_juul_lawsuits_billion_altria,juul - lawsuits - billion - altria - company - vaping - cigarette - labs - settlement - stake,0.517032405,FALSE
4501,juul stop telling minors to take their clothes off challenge go,22,22_juul_lawsuits_billion_altria,juul - lawsuits - billion - altria - company - vaping - cigarette - labs - settlement - stake,0.098754794,FALSE
4529,juul in deal talks with three tobacco giants - wsj -,22,22_juul_lawsuits_billion_altria,juul - lawsuits - billion - altria - company - vaping - cigarette - labs - settlement - stake,1,FALSE
4530,"juul in deal talks w/ tobacco giants. in dec , juul agreed to pay $1.7 billion covering &gt;5000 lawsuits, many of which accused juul of marketing its highly addictive e-cig to children &amp; teens. juul represents % of e-cigs sold in us. #publichealth",22,22_juul_lawsuits_billion_altria,juul - lawsuits - billion - altria - company - vaping - cigarette - labs - settlement - stake,0.80905526,FALSE
4584,"stop compensating for their settlement losses by selling their vapes ""the juul class action lawsuits made claims that juul and other e-cigarette manufacturers unlawfully marketed their products to minors"" message ends.",22,22_juul_lawsuits_billion_altria,juul - lawsuits - billion - altria - company - vaping - cigarette - labs - settlement - stake,0.140131326,FALSE
4597,"rt : altria wants to dump its stake in juul. when the company purchased its % stake for $12.8b in , juul was valued at $",22,22_juul_lawsuits_billion_altria,juul - lawsuits - billion - altria - company - vaping - cigarette - labs - settlement - stake,0.958780102,FALSE
4603,$mo altria exchanges minority stake in juul labs for heated tobacco intellectual property rights,22,22_juul_lawsuits_billion_altria,juul - lawsuits - billion - altria - company - vaping - cigarette - labs - settlement - stake,1,FALSE
4604,altria exchanges stake in juul for heated-tobacco intellectual property,22,22_juul_lawsuits_billion_altria,juul - lawsuits - billion - altria - company - vaping - cigarette - labs - settlement - stake,0.668482726,FALSE
4605,in the #news at :15 pm altria exchanges stake in juul for heated-tobacco intellectual property,22,22_juul_lawsuits_billion_altria,juul - lawsuits - billion - altria - company - vaping - cigarette - labs - settlement - stake,1,FALSE
4614,altria to buy startup njoy for $2.8 billion in latest e-cigarette push after juul blow $mo,22,22_juul_lawsuits_billion_altria,juul - lawsuits - billion - altria - company - vaping - cigarette - labs - settlement - stake,0.524766872,FALSE
4615,marlboro maker altria agrees to buy e-cigarette startup njoy for nearly $2.8 billion $mo altria's deal to buy njoy comes after the marlboro maker exited its position in juul labs. read further here,22,22_juul_lawsuits_billion_altria,juul - lawsuits - billion - altria - company - vaping - cigarette - labs - settlement - stake,0.359956012,FALSE
4616,altria to light up vaping push with $2.8 bln njoy bid after juul fiasco,22,22_juul_lawsuits_billion_altria,juul - lawsuits - billion - altria - company - vaping - cigarette - labs - settlement - stake,0.271910627,FALSE
4617,altria paid $12.8 billion for a stake in e-cigarette maker juul. seems like it got about $250 million out. ouch,22,22_juul_lawsuits_billion_altria,juul - lawsuits - billion - altria - company - vaping - cigarette - labs - settlement - stake,0.881314398,FALSE
428,"which one will you choose to start a new day? pod, pod mod, vape pen, or mod? . . . . . #starlux40w #dtl #rdl #ledlight #podmod #style #stylish #brand #love #aio #twister80w #galexkit #maxus100w #technology #experience #design #impressive",41,41_vapetime_uwelltech_vapedaily_vapefam,vapetime - uwelltech - vapedaily - vapefam - vapelove - uwell - caliburna - 21 - adults - caliburn,0.952258298,FALSE
1987,photo of the day: bold and blue (link: ) #photography #pod like it anybody need some help?,41,41_vapetime_uwelltech_vapedaily_vapefam,vapetime - uwelltech - vapedaily - vapefam - vapelove - uwell - caliburna - 21 - adults - caliburn,0.399467948,FALSE
3709,rt : obsesionado con este colibr no es el ms colorido pero ese pico es demasiado impresinate. que gran experiencia pod,41,41_vapetime_uwelltech_vapedaily_vapefam,vapetime - uwelltech - vapedaily - vapefam - vapelove - uwell - caliburna - 21 - adults - caliburn,0.294073079,FALSE
4379,fresh all day long #uwell #uwelltech #caliburna #vapedaily #vapetime #vapefam #vapelove #caliburna3 only for adults(21+).,41,41_vapetime_uwelltech_vapedaily_vapefam,vapetime - uwelltech - vapedaily - vapefam - vapelove - uwell - caliburna - 21 - adults - caliburn,1,TRUE
4397,can you handle the red white version ageis? leave your comments and let me see how many there are. #geekvp #geekvape #geekup #aegis #aegisl200 #aegism100 #aegismax100 #aegiss100 #aegisb60,41,41_vapetime_uwelltech_vapedaily_vapefam,vapetime - uwelltech - vapedaily - vapefam - vapelove - uwell - caliburna - 21 - adults - caliburn,0.885058087,FALSE
4416,rt : which one do you want to focus on? #uwell #uwelltech #caliburna #vapedaily #vapetime #vapefam #vapelove #caliburna3 #,41,41_vapetime_uwelltech_vapedaily_vapefam,vapetime - uwelltech - vapedaily - vapefam - vapelove - uwell - caliburna - 21 - adults - caliburn,1,FALSE
4446,which one would you choose for your night? #uwell #uwelltech #caliburna #vapedaily #vapetime #vapefam #vapelove #caliburna3 #caliburnak3 only for adults(21+).,41,41_vapetime_uwelltech_vapedaily_vapefam,vapetime - uwelltech - vapedaily - vapefam - vapelove - uwell - caliburna - 21 - adults - caliburn,1,TRUE
4451,rt : which color would you get? #uwell #uwelltech #caliburna #vapedaily #vapetime #vapefam #vapelove #caliburna3 #caliburnak3 o,41,41_vapetime_uwelltech_vapedaily_vapefam,vapetime - uwelltech - vapedaily - vapefam - vapelove - uwell - caliburna - 21 - adults - caliburn,1,FALSE
4453,always amazing colour #uwell #uwelltech #caliburna #vapedaily #vapetime #vapefam #vapelove #caliburna3 #caliburnak3,41,41_vapetime_uwelltech_vapedaily_vapefam,vapetime - uwelltech - vapedaily - vapefam - vapelove - uwell - caliburna - 21 - adults - caliburn,0.687845963,FALSE
4454,rt : make it a tenet night #uwell #uwelltech #caliburna #vapedaily #vapetime #vapefam #vapelove #caliburn #caliburntenet only,41,41_vapetime_uwelltech_vapedaily_vapefam,vapetime - uwelltech - vapedaily - vapefam - vapelove - uwell - caliburna - 21 - adults - caliburn,1,FALSE
4480,rt : choose one? #uwell #uwelltech #caliburn #vapedaily #vapetime #vapefam #vapelove #uwellcrown #crownm only for adults(21+).,41,41_vapetime_uwelltech_vapedaily_vapefam,vapetime - uwelltech - vapedaily - vapefam - vapelove - uwell - caliburna - 21 - adults - caliburn,1,TRUE
4487,rt : which one do you want to choose? #uwell #uwelltech #caliburna #vapedaily #vapetime #vapefam #vapelove #caliburn #caliburnte,41,41_vapetime_uwelltech_vapedaily_vapefam,vapetime - uwelltech - vapedaily - vapefam - vapelove - uwell - caliburna - 21 - adults - caliburn,1,FALSE
4491,rt : amazing blue! #uwell #uwelltech #caliburn #vapedaily #vapetime #vapefam #vapelove #uwellcrown #crownm only for adults(21+),41,41_vapetime_uwelltech_vapedaily_vapefam,vapetime - uwelltech - vapedaily - vapefam - vapelove - uwell - caliburna - 21 - adults - caliburn,0.842657054,FALSE
4493,rt : pick pick #uwell #uwelltech #caliburn #vapedaily #vapetime #vapefam #vapelove #uwellcrown #crownm only for adults(21+). ht,41,41_vapetime_uwelltech_vapedaily_vapefam,vapetime - uwelltech - vapedaily - vapefam - vapelove - uwell - caliburna - 21 - adults - caliburn,1,FALSE
4559,rt : what do you do at night? these are the ones i would use. #uwell #uwelltech #caliburna #vapedaily #vapetime #vapefam #vape,41,41_vapetime_uwelltech_vapedaily_vapefam,vapetime - uwelltech - vapedaily - vapefam - vapelove - uwell - caliburna - 21 - adults - caliburn,1,FALSE
4565,rt : when there is light #uwell #uwelltech #caliburna #vapedaily #vapetime #vapefam #vapelove #caliburn #caliburntenet #calibur,41,41_vapetime_uwelltech_vapedaily_vapefam,vapetime - uwelltech - vapedaily - vapefam - vapelove - uwell - caliburna - 21 - adults - caliburn,1,FALSE
4586,did you have a dream last night? #uwell #uwelltech #caliburna #vapedaily #vapetime #vapefam #vapelove #caliburn #caliburncrownm only for adults(21+).,41,41_vapetime_uwelltech_vapedaily_vapefam,vapetime - uwelltech - vapedaily - vapefam - vapelove - uwell - caliburna - 21 - adults - caliburn,0.968472475,FALSE
